id,ten_sao,phan_loai,dien_giai,tuoi_mu_nam,tuoi_mu_nu,nguon,ghi_chu
1,La Hầu,xau,"La Hầu là sao xấu, chủ về thị phi, tiếng oan, dễ gặp chuyện không hay liên quan giấy tờ/pháp lý. Năm hạn La Hầu nên cẩn trọng lời ăn tiếng nói, tránh ký kết vội vàng.",1; 10; 19; 28; 37; 46; 55; 64; 73; 82; 91; 100,6; 15; 24; 33; 42; 51; 60; 69; 78; 87; 96,tinh-toan,
2,Thổ Tú,trung_binh,"Thổ Tú là sao trung bình thiên hướng xấu, chủ về đất đai, nhà cửa, sức khỏe. Năm hạn Thổ Tú nên cẩn trọng khi động thổ, sửa nhà và chú ý sức khỏe.",2; 11; 20; 29; 38; 47; 56; 65; 74; 83; 92,5; 14; 23; 32; 41; 50; 59; 68; 77; 86; 95,tinh-toan,
3,Thủy Diệu,trung_binh,"Thủy Diệu là sao trung bình, chủ về tài chính, dễ hao tốn tiền bạc, cần cẩn trọng khi đi lại đường sông nước. Năm hạn Thủy Diệu nên chi tiêu thận trọng hơn.",3; 12; 21; 30; 39; 48; 57; 66; 75; 84; 93,9; 18; 27; 36; 45; 54; 63; 72; 81; 90; 99,tinh-toan,
4,Thái Bạch,xau,"Thái Bạch là sao xấu nổi tiếng nhất trong Cửu Diệu - dân gian có câu ""Thái Bạch quét sạch cửa nhà"" - chủ về hao tài, mất mát tiền bạc. Năm hạn Thái Bạch nên đặc biệt cẩn trọng khi đầu tư, cho vay, ký kết lớn.",4; 13; 22; 31; 40; 49; 58; 67; 76; 85; 94,8; 17; 26; 35; 44; 53; 62; 71; 80; 89; 98,tinh-toan,
5,Thái Dương,tot,"Thái Dương là sao tốt, chủ về danh tiếng, công danh, quý nhân - theo quan niệm dân gian đặc biệt thuận lợi cho nam giới. Năm hạn Thái Dương thường thuận lợi cho sự nghiệp, thăng tiến.",5; 14; 23; 32; 41; 50; 59; 68; 77; 86; 95,7; 16; 25; 34; 43; 52; 61; 70; 79; 88; 97,tinh-toan,
6,Vân Hớn,trung_binh,"Vân Hớn là sao trung bình thiên hướng xấu, chủ về dễ nóng giận, cãi vã, va chạm nhỏ. Năm hạn Vân Hớn nên giữ bình tĩnh, cẩn trọng khi lái xe.",6; 15; 24; 33; 42; 51; 60; 69; 78; 87; 96,2; 11; 20; 29; 38; 47; 56; 65; 74; 83; 92,tinh-toan,
7,Kế Đô,xau,"Kế Đô là sao xấu, cùng nhóm với La Hầu, chủ về thị phi, hao tài, tai ương bất ngờ. Năm hạn Kế Đô nên thận trọng trong giao tiếp và tài chính.",7; 16; 25; 34; 43; 52; 61; 70; 79; 88; 97,1; 10; 19; 28; 37; 46; 55; 64; 73; 82; 91; 100,tinh-toan,
8,Thái Âm,tot,"Thái Âm là sao tốt, chủ về may mắn nhẹ nhàng, tình cảm, gia đạo - theo quan niệm dân gian đặc biệt thuận lợi cho nữ giới. Năm hạn Thái Âm thường êm đềm, thuận lợi cho chuyện gia đình, tình cảm.",8; 17; 26; 35; 44; 53; 62; 71; 80; 89; 98,4; 13; 22; 31; 40; 49; 58; 67; 76; 85; 94,tinh-toan,
9,Mộc Đức,tot,"Mộc Đức là sao tốt, chủ về phúc lộc, quý nhân phù trợ, bình an. Năm hạn Mộc Đức thường là năm may mắn, ít biến cố.",9; 18; 27; 36; 45; 54; 63; 72; 81; 90; 99,3; 12; 21; 30; 39; 48; 57; 66; 75; 84; 93,tinh-toan,
