id,can_chi_ngay,chi_ngay,chi_gio,khung_gio,hoang_dao,nguon,ghi_chu
Mậu Ngọ-Tý,Mậu Ngọ,Ngọ,Tý,23h-1h,co,tinh-toan,
Mậu Ngọ-Sửu,Mậu Ngọ,Ngọ,Sửu,1h-3h,co,tinh-toan,
Mậu Ngọ-Dần,Mậu Ngọ,Ngọ,Dần,3h-5h,khong,tinh-toan,
Mậu Ngọ-Mão,Mậu Ngọ,Ngọ,Mão,5h-7h,co,tinh-toan,
Mậu Ngọ-Thìn,Mậu Ngọ,Ngọ,Thìn,7h-9h,khong,tinh-toan,
Mậu Ngọ-Tỵ,Mậu Ngọ,Ngọ,Tỵ,9h-11h,khong,tinh-toan,
Mậu Ngọ-Ngọ,Mậu Ngọ,Ngọ,Ngọ,11h-13h,co,tinh-toan,
Mậu Ngọ-Mùi,Mậu Ngọ,Ngọ,Mùi,13h-15h,khong,tinh-toan,
Mậu Ngọ-Thân,Mậu Ngọ,Ngọ,Thân,15h-17h,co,tinh-toan,
Mậu Ngọ-Dậu,Mậu Ngọ,Ngọ,Dậu,17h-19h,co,tinh-toan,
Mậu Ngọ-Tuất,Mậu Ngọ,Ngọ,Tuất,19h-21h,khong,tinh-toan,
Mậu Ngọ-Hợi,Mậu Ngọ,Ngọ,Hợi,21h-23h,khong,tinh-toan,
Kỷ Mùi-Tý,Kỷ Mùi,Mùi,Tý,23h-1h,khong,tinh-toan,
Kỷ Mùi-Sửu,Kỷ Mùi,Mùi,Sửu,1h-3h,khong,tinh-toan,
Kỷ Mùi-Dần,Kỷ Mùi,Mùi,Dần,3h-5h,co,tinh-toan,
Kỷ Mùi-Mão,Kỷ Mùi,Mùi,Mão,5h-7h,co,tinh-toan,
Kỷ Mùi-Thìn,Kỷ Mùi,Mùi,Thìn,7h-9h,khong,tinh-toan,
Kỷ Mùi-Tỵ,Kỷ Mùi,Mùi,Tỵ,9h-11h,co,tinh-toan,
Kỷ Mùi-Ngọ,Kỷ Mùi,Mùi,Ngọ,11h-13h,khong,tinh-toan,
Kỷ Mùi-Mùi,Kỷ Mùi,Mùi,Mùi,13h-15h,khong,tinh-toan,
Kỷ Mùi-Thân,Kỷ Mùi,Mùi,Thân,15h-17h,co,tinh-toan,
Kỷ Mùi-Dậu,Kỷ Mùi,Mùi,Dậu,17h-19h,khong,tinh-toan,
Kỷ Mùi-Tuất,Kỷ Mùi,Mùi,Tuất,19h-21h,co,tinh-toan,
Kỷ Mùi-Hợi,Kỷ Mùi,Mùi,Hợi,21h-23h,co,tinh-toan,
Canh Thân-Tý,Canh Thân,Thân,Tý,23h-1h,co,tinh-toan,
Canh Thân-Sửu,Canh Thân,Thân,Sửu,1h-3h,co,tinh-toan,
Canh Thân-Dần,Canh Thân,Thân,Dần,3h-5h,khong,tinh-toan,
Canh Thân-Mão,Canh Thân,Thân,Mão,5h-7h,khong,tinh-toan,
Canh Thân-Thìn,Canh Thân,Thân,Thìn,7h-9h,co,tinh-toan,
Canh Thân-Tỵ,Canh Thân,Thân,Tỵ,9h-11h,co,tinh-toan,
Canh Thân-Ngọ,Canh Thân,Thân,Ngọ,11h-13h,khong,tinh-toan,
Canh Thân-Mùi,Canh Thân,Thân,Mùi,13h-15h,co,tinh-toan,
Canh Thân-Thân,Canh Thân,Thân,Thân,15h-17h,khong,tinh-toan,
Canh Thân-Dậu,Canh Thân,Thân,Dậu,17h-19h,khong,tinh-toan,
Canh Thân-Tuất,Canh Thân,Thân,Tuất,19h-21h,co,tinh-toan,
Canh Thân-Hợi,Canh Thân,Thân,Hợi,21h-23h,khong,tinh-toan,
Tân Dậu-Tý,Tân Dậu,Dậu,Tý,23h-1h,co,tinh-toan,
Tân Dậu-Sửu,Tân Dậu,Dậu,Sửu,1h-3h,khong,tinh-toan,
Tân Dậu-Dần,Tân Dậu,Dậu,Dần,3h-5h,co,tinh-toan,
Tân Dậu-Mão,Tân Dậu,Dậu,Mão,5h-7h,co,tinh-toan,
Tân Dậu-Thìn,Tân Dậu,Dậu,Thìn,7h-9h,khong,tinh-toan,
Tân Dậu-Tỵ,Tân Dậu,Dậu,Tỵ,9h-11h,khong,tinh-toan,
Tân Dậu-Ngọ,Tân Dậu,Dậu,Ngọ,11h-13h,co,tinh-toan,
Tân Dậu-Mùi,Tân Dậu,Dậu,Mùi,13h-15h,co,tinh-toan,
Tân Dậu-Thân,Tân Dậu,Dậu,Thân,15h-17h,khong,tinh-toan,
Tân Dậu-Dậu,Tân Dậu,Dậu,Dậu,17h-19h,co,tinh-toan,
Tân Dậu-Tuất,Tân Dậu,Dậu,Tuất,19h-21h,khong,tinh-toan,
Tân Dậu-Hợi,Tân Dậu,Dậu,Hợi,21h-23h,khong,tinh-toan,
Nhâm Tuất-Tý,Nhâm Tuất,Tuất,Tý,23h-1h,khong,tinh-toan,
Nhâm Tuất-Sửu,Nhâm Tuất,Tuất,Sửu,1h-3h,khong,tinh-toan,
Nhâm Tuất-Dần,Nhâm Tuất,Tuất,Dần,3h-5h,co,tinh-toan,
Nhâm Tuất-Mão,Nhâm Tuất,Tuất,Mão,5h-7h,khong,tinh-toan,
Nhâm Tuất-Thìn,Nhâm Tuất,Tuất,Thìn,7h-9h,co,tinh-toan,
Nhâm Tuất-Tỵ,Nhâm Tuất,Tuất,Tỵ,9h-11h,co,tinh-toan,
Nhâm Tuất-Ngọ,Nhâm Tuất,Tuất,Ngọ,11h-13h,khong,tinh-toan,
Nhâm Tuất-Mùi,Nhâm Tuất,Tuất,Mùi,13h-15h,khong,tinh-toan,
Nhâm Tuất-Thân,Nhâm Tuất,Tuất,Thân,15h-17h,co,tinh-toan,
Nhâm Tuất-Dậu,Nhâm Tuất,Tuất,Dậu,17h-19h,co,tinh-toan,
Nhâm Tuất-Tuất,Nhâm Tuất,Tuất,Tuất,19h-21h,khong,tinh-toan,
Nhâm Tuất-Hợi,Nhâm Tuất,Tuất,Hợi,21h-23h,co,tinh-toan,
Quý Hợi-Tý,Quý Hợi,Hợi,Tý,23h-1h,khong,tinh-toan,
Quý Hợi-Sửu,Quý Hợi,Hợi,Sửu,1h-3h,co,tinh-toan,
Quý Hợi-Dần,Quý Hợi,Hợi,Dần,3h-5h,khong,tinh-toan,
Quý Hợi-Mão,Quý Hợi,Hợi,Mão,5h-7h,khong,tinh-toan,
Quý Hợi-Thìn,Quý Hợi,Hợi,Thìn,7h-9h,co,tinh-toan,
Quý Hợi-Tỵ,Quý Hợi,Hợi,Tỵ,9h-11h,khong,tinh-toan,
Quý Hợi-Ngọ,Quý Hợi,Hợi,Ngọ,11h-13h,co,tinh-toan,
Quý Hợi-Mùi,Quý Hợi,Hợi,Mùi,13h-15h,co,tinh-toan,
Quý Hợi-Thân,Quý Hợi,Hợi,Thân,15h-17h,khong,tinh-toan,
Quý Hợi-Dậu,Quý Hợi,Hợi,Dậu,17h-19h,khong,tinh-toan,
Quý Hợi-Tuất,Quý Hợi,Hợi,Tuất,19h-21h,co,tinh-toan,
Quý Hợi-Hợi,Quý Hợi,Hợi,Hợi,21h-23h,co,tinh-toan,
Giáp Tý-Tý,Giáp Tý,Tý,Tý,23h-1h,co,tinh-toan,
Giáp Tý-Sửu,Giáp Tý,Tý,Sửu,1h-3h,co,tinh-toan,
Giáp Tý-Dần,Giáp Tý,Tý,Dần,3h-5h,khong,tinh-toan,
Giáp Tý-Mão,Giáp Tý,Tý,Mão,5h-7h,co,tinh-toan,
Giáp Tý-Thìn,Giáp Tý,Tý,Thìn,7h-9h,khong,tinh-toan,
Giáp Tý-Tỵ,Giáp Tý,Tý,Tỵ,9h-11h,khong,tinh-toan,
Giáp Tý-Ngọ,Giáp Tý,Tý,Ngọ,11h-13h,co,tinh-toan,
Giáp Tý-Mùi,Giáp Tý,Tý,Mùi,13h-15h,khong,tinh-toan,
Giáp Tý-Thân,Giáp Tý,Tý,Thân,15h-17h,co,tinh-toan,
Giáp Tý-Dậu,Giáp Tý,Tý,Dậu,17h-19h,co,tinh-toan,
Giáp Tý-Tuất,Giáp Tý,Tý,Tuất,19h-21h,khong,tinh-toan,
Giáp Tý-Hợi,Giáp Tý,Tý,Hợi,21h-23h,khong,tinh-toan,
Ất Sửu-Tý,Ất Sửu,Sửu,Tý,23h-1h,khong,tinh-toan,
Ất Sửu-Sửu,Ất Sửu,Sửu,Sửu,1h-3h,khong,tinh-toan,
Ất Sửu-Dần,Ất Sửu,Sửu,Dần,3h-5h,co,tinh-toan,
Ất Sửu-Mão,Ất Sửu,Sửu,Mão,5h-7h,co,tinh-toan,
Ất Sửu-Thìn,Ất Sửu,Sửu,Thìn,7h-9h,khong,tinh-toan,
Ất Sửu-Tỵ,Ất Sửu,Sửu,Tỵ,9h-11h,co,tinh-toan,
Ất Sửu-Ngọ,Ất Sửu,Sửu,Ngọ,11h-13h,khong,tinh-toan,
Ất Sửu-Mùi,Ất Sửu,Sửu,Mùi,13h-15h,khong,tinh-toan,
Ất Sửu-Thân,Ất Sửu,Sửu,Thân,15h-17h,co,tinh-toan,
Ất Sửu-Dậu,Ất Sửu,Sửu,Dậu,17h-19h,khong,tinh-toan,
Ất Sửu-Tuất,Ất Sửu,Sửu,Tuất,19h-21h,co,tinh-toan,
Ất Sửu-Hợi,Ất Sửu,Sửu,Hợi,21h-23h,co,tinh-toan,
Bính Dần-Tý,Bính Dần,Dần,Tý,23h-1h,co,tinh-toan,
Bính Dần-Sửu,Bính Dần,Dần,Sửu,1h-3h,co,tinh-toan,
Bính Dần-Dần,Bính Dần,Dần,Dần,3h-5h,khong,tinh-toan,
Bính Dần-Mão,Bính Dần,Dần,Mão,5h-7h,khong,tinh-toan,
Bính Dần-Thìn,Bính Dần,Dần,Thìn,7h-9h,co,tinh-toan,
Bính Dần-Tỵ,Bính Dần,Dần,Tỵ,9h-11h,co,tinh-toan,
Bính Dần-Ngọ,Bính Dần,Dần,Ngọ,11h-13h,khong,tinh-toan,
Bính Dần-Mùi,Bính Dần,Dần,Mùi,13h-15h,co,tinh-toan,
Bính Dần-Thân,Bính Dần,Dần,Thân,15h-17h,khong,tinh-toan,
Bính Dần-Dậu,Bính Dần,Dần,Dậu,17h-19h,khong,tinh-toan,
Bính Dần-Tuất,Bính Dần,Dần,Tuất,19h-21h,co,tinh-toan,
Bính Dần-Hợi,Bính Dần,Dần,Hợi,21h-23h,khong,tinh-toan,
Đinh Mão-Tý,Đinh Mão,Mão,Tý,23h-1h,co,tinh-toan,
Đinh Mão-Sửu,Đinh Mão,Mão,Sửu,1h-3h,khong,tinh-toan,
Đinh Mão-Dần,Đinh Mão,Mão,Dần,3h-5h,co,tinh-toan,
Đinh Mão-Mão,Đinh Mão,Mão,Mão,5h-7h,co,tinh-toan,
Đinh Mão-Thìn,Đinh Mão,Mão,Thìn,7h-9h,khong,tinh-toan,
Đinh Mão-Tỵ,Đinh Mão,Mão,Tỵ,9h-11h,khong,tinh-toan,
Đinh Mão-Ngọ,Đinh Mão,Mão,Ngọ,11h-13h,co,tinh-toan,
Đinh Mão-Mùi,Đinh Mão,Mão,Mùi,13h-15h,co,tinh-toan,
Đinh Mão-Thân,Đinh Mão,Mão,Thân,15h-17h,khong,tinh-toan,
Đinh Mão-Dậu,Đinh Mão,Mão,Dậu,17h-19h,co,tinh-toan,
Đinh Mão-Tuất,Đinh Mão,Mão,Tuất,19h-21h,khong,tinh-toan,
Đinh Mão-Hợi,Đinh Mão,Mão,Hợi,21h-23h,khong,tinh-toan,
Mậu Thìn-Tý,Mậu Thìn,Thìn,Tý,23h-1h,khong,tinh-toan,
Mậu Thìn-Sửu,Mậu Thìn,Thìn,Sửu,1h-3h,khong,tinh-toan,
Mậu Thìn-Dần,Mậu Thìn,Thìn,Dần,3h-5h,co,tinh-toan,
Mậu Thìn-Mão,Mậu Thìn,Thìn,Mão,5h-7h,khong,tinh-toan,
Mậu Thìn-Thìn,Mậu Thìn,Thìn,Thìn,7h-9h,co,tinh-toan,
Mậu Thìn-Tỵ,Mậu Thìn,Thìn,Tỵ,9h-11h,co,tinh-toan,
Mậu Thìn-Ngọ,Mậu Thìn,Thìn,Ngọ,11h-13h,khong,tinh-toan,
Mậu Thìn-Mùi,Mậu Thìn,Thìn,Mùi,13h-15h,khong,tinh-toan,
Mậu Thìn-Thân,Mậu Thìn,Thìn,Thân,15h-17h,co,tinh-toan,
Mậu Thìn-Dậu,Mậu Thìn,Thìn,Dậu,17h-19h,co,tinh-toan,
Mậu Thìn-Tuất,Mậu Thìn,Thìn,Tuất,19h-21h,khong,tinh-toan,
Mậu Thìn-Hợi,Mậu Thìn,Thìn,Hợi,21h-23h,co,tinh-toan,
Kỷ Tỵ-Tý,Kỷ Tỵ,Tỵ,Tý,23h-1h,khong,tinh-toan,
Kỷ Tỵ-Sửu,Kỷ Tỵ,Tỵ,Sửu,1h-3h,co,tinh-toan,
Kỷ Tỵ-Dần,Kỷ Tỵ,Tỵ,Dần,3h-5h,khong,tinh-toan,
Kỷ Tỵ-Mão,Kỷ Tỵ,Tỵ,Mão,5h-7h,khong,tinh-toan,
Kỷ Tỵ-Thìn,Kỷ Tỵ,Tỵ,Thìn,7h-9h,co,tinh-toan,
Kỷ Tỵ-Tỵ,Kỷ Tỵ,Tỵ,Tỵ,9h-11h,khong,tinh-toan,
Kỷ Tỵ-Ngọ,Kỷ Tỵ,Tỵ,Ngọ,11h-13h,co,tinh-toan,
Kỷ Tỵ-Mùi,Kỷ Tỵ,Tỵ,Mùi,13h-15h,co,tinh-toan,
Kỷ Tỵ-Thân,Kỷ Tỵ,Tỵ,Thân,15h-17h,khong,tinh-toan,
Kỷ Tỵ-Dậu,Kỷ Tỵ,Tỵ,Dậu,17h-19h,khong,tinh-toan,
Kỷ Tỵ-Tuất,Kỷ Tỵ,Tỵ,Tuất,19h-21h,co,tinh-toan,
Kỷ Tỵ-Hợi,Kỷ Tỵ,Tỵ,Hợi,21h-23h,co,tinh-toan,
Canh Ngọ-Tý,Canh Ngọ,Ngọ,Tý,23h-1h,co,tinh-toan,
Canh Ngọ-Sửu,Canh Ngọ,Ngọ,Sửu,1h-3h,co,tinh-toan,
Canh Ngọ-Dần,Canh Ngọ,Ngọ,Dần,3h-5h,khong,tinh-toan,
Canh Ngọ-Mão,Canh Ngọ,Ngọ,Mão,5h-7h,co,tinh-toan,
Canh Ngọ-Thìn,Canh Ngọ,Ngọ,Thìn,7h-9h,khong,tinh-toan,
Canh Ngọ-Tỵ,Canh Ngọ,Ngọ,Tỵ,9h-11h,khong,tinh-toan,
Canh Ngọ-Ngọ,Canh Ngọ,Ngọ,Ngọ,11h-13h,co,tinh-toan,
Canh Ngọ-Mùi,Canh Ngọ,Ngọ,Mùi,13h-15h,khong,tinh-toan,
Canh Ngọ-Thân,Canh Ngọ,Ngọ,Thân,15h-17h,co,tinh-toan,
Canh Ngọ-Dậu,Canh Ngọ,Ngọ,Dậu,17h-19h,co,tinh-toan,
Canh Ngọ-Tuất,Canh Ngọ,Ngọ,Tuất,19h-21h,khong,tinh-toan,
Canh Ngọ-Hợi,Canh Ngọ,Ngọ,Hợi,21h-23h,khong,tinh-toan,
Tân Mùi-Tý,Tân Mùi,Mùi,Tý,23h-1h,khong,tinh-toan,
Tân Mùi-Sửu,Tân Mùi,Mùi,Sửu,1h-3h,khong,tinh-toan,
Tân Mùi-Dần,Tân Mùi,Mùi,Dần,3h-5h,co,tinh-toan,
Tân Mùi-Mão,Tân Mùi,Mùi,Mão,5h-7h,co,tinh-toan,
Tân Mùi-Thìn,Tân Mùi,Mùi,Thìn,7h-9h,khong,tinh-toan,
Tân Mùi-Tỵ,Tân Mùi,Mùi,Tỵ,9h-11h,co,tinh-toan,
Tân Mùi-Ngọ,Tân Mùi,Mùi,Ngọ,11h-13h,khong,tinh-toan,
Tân Mùi-Mùi,Tân Mùi,Mùi,Mùi,13h-15h,khong,tinh-toan,
Tân Mùi-Thân,Tân Mùi,Mùi,Thân,15h-17h,co,tinh-toan,
Tân Mùi-Dậu,Tân Mùi,Mùi,Dậu,17h-19h,khong,tinh-toan,
Tân Mùi-Tuất,Tân Mùi,Mùi,Tuất,19h-21h,co,tinh-toan,
Tân Mùi-Hợi,Tân Mùi,Mùi,Hợi,21h-23h,co,tinh-toan,
Nhâm Thân-Tý,Nhâm Thân,Thân,Tý,23h-1h,co,tinh-toan,
Nhâm Thân-Sửu,Nhâm Thân,Thân,Sửu,1h-3h,co,tinh-toan,
Nhâm Thân-Dần,Nhâm Thân,Thân,Dần,3h-5h,khong,tinh-toan,
Nhâm Thân-Mão,Nhâm Thân,Thân,Mão,5h-7h,khong,tinh-toan,
Nhâm Thân-Thìn,Nhâm Thân,Thân,Thìn,7h-9h,co,tinh-toan,
Nhâm Thân-Tỵ,Nhâm Thân,Thân,Tỵ,9h-11h,co,tinh-toan,
Nhâm Thân-Ngọ,Nhâm Thân,Thân,Ngọ,11h-13h,khong,tinh-toan,
Nhâm Thân-Mùi,Nhâm Thân,Thân,Mùi,13h-15h,co,tinh-toan,
Nhâm Thân-Thân,Nhâm Thân,Thân,Thân,15h-17h,khong,tinh-toan,
Nhâm Thân-Dậu,Nhâm Thân,Thân,Dậu,17h-19h,khong,tinh-toan,
Nhâm Thân-Tuất,Nhâm Thân,Thân,Tuất,19h-21h,co,tinh-toan,
Nhâm Thân-Hợi,Nhâm Thân,Thân,Hợi,21h-23h,khong,tinh-toan,
Quý Dậu-Tý,Quý Dậu,Dậu,Tý,23h-1h,co,tinh-toan,
Quý Dậu-Sửu,Quý Dậu,Dậu,Sửu,1h-3h,khong,tinh-toan,
Quý Dậu-Dần,Quý Dậu,Dậu,Dần,3h-5h,co,tinh-toan,
Quý Dậu-Mão,Quý Dậu,Dậu,Mão,5h-7h,co,tinh-toan,
Quý Dậu-Thìn,Quý Dậu,Dậu,Thìn,7h-9h,khong,tinh-toan,
Quý Dậu-Tỵ,Quý Dậu,Dậu,Tỵ,9h-11h,khong,tinh-toan,
Quý Dậu-Ngọ,Quý Dậu,Dậu,Ngọ,11h-13h,co,tinh-toan,
Quý Dậu-Mùi,Quý Dậu,Dậu,Mùi,13h-15h,co,tinh-toan,
Quý Dậu-Thân,Quý Dậu,Dậu,Thân,15h-17h,khong,tinh-toan,
Quý Dậu-Dậu,Quý Dậu,Dậu,Dậu,17h-19h,co,tinh-toan,
Quý Dậu-Tuất,Quý Dậu,Dậu,Tuất,19h-21h,khong,tinh-toan,
Quý Dậu-Hợi,Quý Dậu,Dậu,Hợi,21h-23h,khong,tinh-toan,
Giáp Tuất-Tý,Giáp Tuất,Tuất,Tý,23h-1h,khong,tinh-toan,
Giáp Tuất-Sửu,Giáp Tuất,Tuất,Sửu,1h-3h,khong,tinh-toan,
Giáp Tuất-Dần,Giáp Tuất,Tuất,Dần,3h-5h,co,tinh-toan,
Giáp Tuất-Mão,Giáp Tuất,Tuất,Mão,5h-7h,khong,tinh-toan,
Giáp Tuất-Thìn,Giáp Tuất,Tuất,Thìn,7h-9h,co,tinh-toan,
Giáp Tuất-Tỵ,Giáp Tuất,Tuất,Tỵ,9h-11h,co,tinh-toan,
Giáp Tuất-Ngọ,Giáp Tuất,Tuất,Ngọ,11h-13h,khong,tinh-toan,
Giáp Tuất-Mùi,Giáp Tuất,Tuất,Mùi,13h-15h,khong,tinh-toan,
Giáp Tuất-Thân,Giáp Tuất,Tuất,Thân,15h-17h,co,tinh-toan,
Giáp Tuất-Dậu,Giáp Tuất,Tuất,Dậu,17h-19h,co,tinh-toan,
Giáp Tuất-Tuất,Giáp Tuất,Tuất,Tuất,19h-21h,khong,tinh-toan,
Giáp Tuất-Hợi,Giáp Tuất,Tuất,Hợi,21h-23h,co,tinh-toan,
Ất Hợi-Tý,Ất Hợi,Hợi,Tý,23h-1h,khong,tinh-toan,
Ất Hợi-Sửu,Ất Hợi,Hợi,Sửu,1h-3h,co,tinh-toan,
Ất Hợi-Dần,Ất Hợi,Hợi,Dần,3h-5h,khong,tinh-toan,
Ất Hợi-Mão,Ất Hợi,Hợi,Mão,5h-7h,khong,tinh-toan,
Ất Hợi-Thìn,Ất Hợi,Hợi,Thìn,7h-9h,co,tinh-toan,
Ất Hợi-Tỵ,Ất Hợi,Hợi,Tỵ,9h-11h,khong,tinh-toan,
Ất Hợi-Ngọ,Ất Hợi,Hợi,Ngọ,11h-13h,co,tinh-toan,
Ất Hợi-Mùi,Ất Hợi,Hợi,Mùi,13h-15h,co,tinh-toan,
Ất Hợi-Thân,Ất Hợi,Hợi,Thân,15h-17h,khong,tinh-toan,
Ất Hợi-Dậu,Ất Hợi,Hợi,Dậu,17h-19h,khong,tinh-toan,
Ất Hợi-Tuất,Ất Hợi,Hợi,Tuất,19h-21h,co,tinh-toan,
Ất Hợi-Hợi,Ất Hợi,Hợi,Hợi,21h-23h,co,tinh-toan,
Bính Tý-Tý,Bính Tý,Tý,Tý,23h-1h,co,tinh-toan,
Bính Tý-Sửu,Bính Tý,Tý,Sửu,1h-3h,co,tinh-toan,
Bính Tý-Dần,Bính Tý,Tý,Dần,3h-5h,khong,tinh-toan,
Bính Tý-Mão,Bính Tý,Tý,Mão,5h-7h,co,tinh-toan,
Bính Tý-Thìn,Bính Tý,Tý,Thìn,7h-9h,khong,tinh-toan,
Bính Tý-Tỵ,Bính Tý,Tý,Tỵ,9h-11h,khong,tinh-toan,
Bính Tý-Ngọ,Bính Tý,Tý,Ngọ,11h-13h,co,tinh-toan,
Bính Tý-Mùi,Bính Tý,Tý,Mùi,13h-15h,khong,tinh-toan,
Bính Tý-Thân,Bính Tý,Tý,Thân,15h-17h,co,tinh-toan,
Bính Tý-Dậu,Bính Tý,Tý,Dậu,17h-19h,co,tinh-toan,
Bính Tý-Tuất,Bính Tý,Tý,Tuất,19h-21h,khong,tinh-toan,
Bính Tý-Hợi,Bính Tý,Tý,Hợi,21h-23h,khong,tinh-toan,
Đinh Sửu-Tý,Đinh Sửu,Sửu,Tý,23h-1h,khong,tinh-toan,
Đinh Sửu-Sửu,Đinh Sửu,Sửu,Sửu,1h-3h,khong,tinh-toan,
Đinh Sửu-Dần,Đinh Sửu,Sửu,Dần,3h-5h,co,tinh-toan,
Đinh Sửu-Mão,Đinh Sửu,Sửu,Mão,5h-7h,co,tinh-toan,
Đinh Sửu-Thìn,Đinh Sửu,Sửu,Thìn,7h-9h,khong,tinh-toan,
Đinh Sửu-Tỵ,Đinh Sửu,Sửu,Tỵ,9h-11h,co,tinh-toan,
Đinh Sửu-Ngọ,Đinh Sửu,Sửu,Ngọ,11h-13h,khong,tinh-toan,
Đinh Sửu-Mùi,Đinh Sửu,Sửu,Mùi,13h-15h,khong,tinh-toan,
Đinh Sửu-Thân,Đinh Sửu,Sửu,Thân,15h-17h,co,tinh-toan,
Đinh Sửu-Dậu,Đinh Sửu,Sửu,Dậu,17h-19h,khong,tinh-toan,
Đinh Sửu-Tuất,Đinh Sửu,Sửu,Tuất,19h-21h,co,tinh-toan,
Đinh Sửu-Hợi,Đinh Sửu,Sửu,Hợi,21h-23h,co,tinh-toan,
Mậu Dần-Tý,Mậu Dần,Dần,Tý,23h-1h,co,tinh-toan,
Mậu Dần-Sửu,Mậu Dần,Dần,Sửu,1h-3h,co,tinh-toan,
Mậu Dần-Dần,Mậu Dần,Dần,Dần,3h-5h,khong,tinh-toan,
Mậu Dần-Mão,Mậu Dần,Dần,Mão,5h-7h,khong,tinh-toan,
Mậu Dần-Thìn,Mậu Dần,Dần,Thìn,7h-9h,co,tinh-toan,
Mậu Dần-Tỵ,Mậu Dần,Dần,Tỵ,9h-11h,co,tinh-toan,
Mậu Dần-Ngọ,Mậu Dần,Dần,Ngọ,11h-13h,khong,tinh-toan,
Mậu Dần-Mùi,Mậu Dần,Dần,Mùi,13h-15h,co,tinh-toan,
Mậu Dần-Thân,Mậu Dần,Dần,Thân,15h-17h,khong,tinh-toan,
Mậu Dần-Dậu,Mậu Dần,Dần,Dậu,17h-19h,khong,tinh-toan,
Mậu Dần-Tuất,Mậu Dần,Dần,Tuất,19h-21h,co,tinh-toan,
Mậu Dần-Hợi,Mậu Dần,Dần,Hợi,21h-23h,khong,tinh-toan,
Kỷ Mão-Tý,Kỷ Mão,Mão,Tý,23h-1h,co,tinh-toan,
Kỷ Mão-Sửu,Kỷ Mão,Mão,Sửu,1h-3h,khong,tinh-toan,
Kỷ Mão-Dần,Kỷ Mão,Mão,Dần,3h-5h,co,tinh-toan,
Kỷ Mão-Mão,Kỷ Mão,Mão,Mão,5h-7h,co,tinh-toan,
Kỷ Mão-Thìn,Kỷ Mão,Mão,Thìn,7h-9h,khong,tinh-toan,
Kỷ Mão-Tỵ,Kỷ Mão,Mão,Tỵ,9h-11h,khong,tinh-toan,
Kỷ Mão-Ngọ,Kỷ Mão,Mão,Ngọ,11h-13h,co,tinh-toan,
Kỷ Mão-Mùi,Kỷ Mão,Mão,Mùi,13h-15h,co,tinh-toan,
Kỷ Mão-Thân,Kỷ Mão,Mão,Thân,15h-17h,khong,tinh-toan,
Kỷ Mão-Dậu,Kỷ Mão,Mão,Dậu,17h-19h,co,tinh-toan,
Kỷ Mão-Tuất,Kỷ Mão,Mão,Tuất,19h-21h,khong,tinh-toan,
Kỷ Mão-Hợi,Kỷ Mão,Mão,Hợi,21h-23h,khong,tinh-toan,
Canh Thìn-Tý,Canh Thìn,Thìn,Tý,23h-1h,khong,tinh-toan,
Canh Thìn-Sửu,Canh Thìn,Thìn,Sửu,1h-3h,khong,tinh-toan,
Canh Thìn-Dần,Canh Thìn,Thìn,Dần,3h-5h,co,tinh-toan,
Canh Thìn-Mão,Canh Thìn,Thìn,Mão,5h-7h,khong,tinh-toan,
Canh Thìn-Thìn,Canh Thìn,Thìn,Thìn,7h-9h,co,tinh-toan,
Canh Thìn-Tỵ,Canh Thìn,Thìn,Tỵ,9h-11h,co,tinh-toan,
Canh Thìn-Ngọ,Canh Thìn,Thìn,Ngọ,11h-13h,khong,tinh-toan,
Canh Thìn-Mùi,Canh Thìn,Thìn,Mùi,13h-15h,khong,tinh-toan,
Canh Thìn-Thân,Canh Thìn,Thìn,Thân,15h-17h,co,tinh-toan,
Canh Thìn-Dậu,Canh Thìn,Thìn,Dậu,17h-19h,co,tinh-toan,
Canh Thìn-Tuất,Canh Thìn,Thìn,Tuất,19h-21h,khong,tinh-toan,
Canh Thìn-Hợi,Canh Thìn,Thìn,Hợi,21h-23h,co,tinh-toan,
Tân Tỵ-Tý,Tân Tỵ,Tỵ,Tý,23h-1h,khong,tinh-toan,
Tân Tỵ-Sửu,Tân Tỵ,Tỵ,Sửu,1h-3h,co,tinh-toan,
Tân Tỵ-Dần,Tân Tỵ,Tỵ,Dần,3h-5h,khong,tinh-toan,
Tân Tỵ-Mão,Tân Tỵ,Tỵ,Mão,5h-7h,khong,tinh-toan,
Tân Tỵ-Thìn,Tân Tỵ,Tỵ,Thìn,7h-9h,co,tinh-toan,
Tân Tỵ-Tỵ,Tân Tỵ,Tỵ,Tỵ,9h-11h,khong,tinh-toan,
Tân Tỵ-Ngọ,Tân Tỵ,Tỵ,Ngọ,11h-13h,co,tinh-toan,
Tân Tỵ-Mùi,Tân Tỵ,Tỵ,Mùi,13h-15h,co,tinh-toan,
Tân Tỵ-Thân,Tân Tỵ,Tỵ,Thân,15h-17h,khong,tinh-toan,
Tân Tỵ-Dậu,Tân Tỵ,Tỵ,Dậu,17h-19h,khong,tinh-toan,
Tân Tỵ-Tuất,Tân Tỵ,Tỵ,Tuất,19h-21h,co,tinh-toan,
Tân Tỵ-Hợi,Tân Tỵ,Tỵ,Hợi,21h-23h,co,tinh-toan,
Nhâm Ngọ-Tý,Nhâm Ngọ,Ngọ,Tý,23h-1h,co,tinh-toan,
Nhâm Ngọ-Sửu,Nhâm Ngọ,Ngọ,Sửu,1h-3h,co,tinh-toan,
Nhâm Ngọ-Dần,Nhâm Ngọ,Ngọ,Dần,3h-5h,khong,tinh-toan,
Nhâm Ngọ-Mão,Nhâm Ngọ,Ngọ,Mão,5h-7h,co,tinh-toan,
Nhâm Ngọ-Thìn,Nhâm Ngọ,Ngọ,Thìn,7h-9h,khong,tinh-toan,
Nhâm Ngọ-Tỵ,Nhâm Ngọ,Ngọ,Tỵ,9h-11h,khong,tinh-toan,
Nhâm Ngọ-Ngọ,Nhâm Ngọ,Ngọ,Ngọ,11h-13h,co,tinh-toan,
Nhâm Ngọ-Mùi,Nhâm Ngọ,Ngọ,Mùi,13h-15h,khong,tinh-toan,
Nhâm Ngọ-Thân,Nhâm Ngọ,Ngọ,Thân,15h-17h,co,tinh-toan,
Nhâm Ngọ-Dậu,Nhâm Ngọ,Ngọ,Dậu,17h-19h,co,tinh-toan,
Nhâm Ngọ-Tuất,Nhâm Ngọ,Ngọ,Tuất,19h-21h,khong,tinh-toan,
Nhâm Ngọ-Hợi,Nhâm Ngọ,Ngọ,Hợi,21h-23h,khong,tinh-toan,
Quý Mùi-Tý,Quý Mùi,Mùi,Tý,23h-1h,khong,tinh-toan,
Quý Mùi-Sửu,Quý Mùi,Mùi,Sửu,1h-3h,khong,tinh-toan,
Quý Mùi-Dần,Quý Mùi,Mùi,Dần,3h-5h,co,tinh-toan,
Quý Mùi-Mão,Quý Mùi,Mùi,Mão,5h-7h,co,tinh-toan,
Quý Mùi-Thìn,Quý Mùi,Mùi,Thìn,7h-9h,khong,tinh-toan,
Quý Mùi-Tỵ,Quý Mùi,Mùi,Tỵ,9h-11h,co,tinh-toan,
Quý Mùi-Ngọ,Quý Mùi,Mùi,Ngọ,11h-13h,khong,tinh-toan,
Quý Mùi-Mùi,Quý Mùi,Mùi,Mùi,13h-15h,khong,tinh-toan,
Quý Mùi-Thân,Quý Mùi,Mùi,Thân,15h-17h,co,tinh-toan,
Quý Mùi-Dậu,Quý Mùi,Mùi,Dậu,17h-19h,khong,tinh-toan,
Quý Mùi-Tuất,Quý Mùi,Mùi,Tuất,19h-21h,co,tinh-toan,
Quý Mùi-Hợi,Quý Mùi,Mùi,Hợi,21h-23h,co,tinh-toan,
Giáp Thân-Tý,Giáp Thân,Thân,Tý,23h-1h,co,tinh-toan,
Giáp Thân-Sửu,Giáp Thân,Thân,Sửu,1h-3h,co,tinh-toan,
Giáp Thân-Dần,Giáp Thân,Thân,Dần,3h-5h,khong,tinh-toan,
Giáp Thân-Mão,Giáp Thân,Thân,Mão,5h-7h,khong,tinh-toan,
Giáp Thân-Thìn,Giáp Thân,Thân,Thìn,7h-9h,co,tinh-toan,
Giáp Thân-Tỵ,Giáp Thân,Thân,Tỵ,9h-11h,co,tinh-toan,
Giáp Thân-Ngọ,Giáp Thân,Thân,Ngọ,11h-13h,khong,tinh-toan,
Giáp Thân-Mùi,Giáp Thân,Thân,Mùi,13h-15h,co,tinh-toan,
Giáp Thân-Thân,Giáp Thân,Thân,Thân,15h-17h,khong,tinh-toan,
Giáp Thân-Dậu,Giáp Thân,Thân,Dậu,17h-19h,khong,tinh-toan,
Giáp Thân-Tuất,Giáp Thân,Thân,Tuất,19h-21h,co,tinh-toan,
Giáp Thân-Hợi,Giáp Thân,Thân,Hợi,21h-23h,khong,tinh-toan,
Ất Dậu-Tý,Ất Dậu,Dậu,Tý,23h-1h,co,tinh-toan,
Ất Dậu-Sửu,Ất Dậu,Dậu,Sửu,1h-3h,khong,tinh-toan,
Ất Dậu-Dần,Ất Dậu,Dậu,Dần,3h-5h,co,tinh-toan,
Ất Dậu-Mão,Ất Dậu,Dậu,Mão,5h-7h,co,tinh-toan,
Ất Dậu-Thìn,Ất Dậu,Dậu,Thìn,7h-9h,khong,tinh-toan,
Ất Dậu-Tỵ,Ất Dậu,Dậu,Tỵ,9h-11h,khong,tinh-toan,
Ất Dậu-Ngọ,Ất Dậu,Dậu,Ngọ,11h-13h,co,tinh-toan,
Ất Dậu-Mùi,Ất Dậu,Dậu,Mùi,13h-15h,co,tinh-toan,
Ất Dậu-Thân,Ất Dậu,Dậu,Thân,15h-17h,khong,tinh-toan,
Ất Dậu-Dậu,Ất Dậu,Dậu,Dậu,17h-19h,co,tinh-toan,
Ất Dậu-Tuất,Ất Dậu,Dậu,Tuất,19h-21h,khong,tinh-toan,
Ất Dậu-Hợi,Ất Dậu,Dậu,Hợi,21h-23h,khong,tinh-toan,
Bính Tuất-Tý,Bính Tuất,Tuất,Tý,23h-1h,khong,tinh-toan,
Bính Tuất-Sửu,Bính Tuất,Tuất,Sửu,1h-3h,khong,tinh-toan,
Bính Tuất-Dần,Bính Tuất,Tuất,Dần,3h-5h,co,tinh-toan,
Bính Tuất-Mão,Bính Tuất,Tuất,Mão,5h-7h,khong,tinh-toan,
Bính Tuất-Thìn,Bính Tuất,Tuất,Thìn,7h-9h,co,tinh-toan,
Bính Tuất-Tỵ,Bính Tuất,Tuất,Tỵ,9h-11h,co,tinh-toan,
Bính Tuất-Ngọ,Bính Tuất,Tuất,Ngọ,11h-13h,khong,tinh-toan,
Bính Tuất-Mùi,Bính Tuất,Tuất,Mùi,13h-15h,khong,tinh-toan,
Bính Tuất-Thân,Bính Tuất,Tuất,Thân,15h-17h,co,tinh-toan,
Bính Tuất-Dậu,Bính Tuất,Tuất,Dậu,17h-19h,co,tinh-toan,
Bính Tuất-Tuất,Bính Tuất,Tuất,Tuất,19h-21h,khong,tinh-toan,
Bính Tuất-Hợi,Bính Tuất,Tuất,Hợi,21h-23h,co,tinh-toan,
Đinh Hợi-Tý,Đinh Hợi,Hợi,Tý,23h-1h,khong,tinh-toan,
Đinh Hợi-Sửu,Đinh Hợi,Hợi,Sửu,1h-3h,co,tinh-toan,
Đinh Hợi-Dần,Đinh Hợi,Hợi,Dần,3h-5h,khong,tinh-toan,
Đinh Hợi-Mão,Đinh Hợi,Hợi,Mão,5h-7h,khong,tinh-toan,
Đinh Hợi-Thìn,Đinh Hợi,Hợi,Thìn,7h-9h,co,tinh-toan,
Đinh Hợi-Tỵ,Đinh Hợi,Hợi,Tỵ,9h-11h,khong,tinh-toan,
Đinh Hợi-Ngọ,Đinh Hợi,Hợi,Ngọ,11h-13h,co,tinh-toan,
Đinh Hợi-Mùi,Đinh Hợi,Hợi,Mùi,13h-15h,co,tinh-toan,
Đinh Hợi-Thân,Đinh Hợi,Hợi,Thân,15h-17h,khong,tinh-toan,
Đinh Hợi-Dậu,Đinh Hợi,Hợi,Dậu,17h-19h,khong,tinh-toan,
Đinh Hợi-Tuất,Đinh Hợi,Hợi,Tuất,19h-21h,co,tinh-toan,
Đinh Hợi-Hợi,Đinh Hợi,Hợi,Hợi,21h-23h,co,tinh-toan,
Mậu Tý-Tý,Mậu Tý,Tý,Tý,23h-1h,co,tinh-toan,
Mậu Tý-Sửu,Mậu Tý,Tý,Sửu,1h-3h,co,tinh-toan,
Mậu Tý-Dần,Mậu Tý,Tý,Dần,3h-5h,khong,tinh-toan,
Mậu Tý-Mão,Mậu Tý,Tý,Mão,5h-7h,co,tinh-toan,
Mậu Tý-Thìn,Mậu Tý,Tý,Thìn,7h-9h,khong,tinh-toan,
Mậu Tý-Tỵ,Mậu Tý,Tý,Tỵ,9h-11h,khong,tinh-toan,
Mậu Tý-Ngọ,Mậu Tý,Tý,Ngọ,11h-13h,co,tinh-toan,
Mậu Tý-Mùi,Mậu Tý,Tý,Mùi,13h-15h,khong,tinh-toan,
Mậu Tý-Thân,Mậu Tý,Tý,Thân,15h-17h,co,tinh-toan,
Mậu Tý-Dậu,Mậu Tý,Tý,Dậu,17h-19h,co,tinh-toan,
Mậu Tý-Tuất,Mậu Tý,Tý,Tuất,19h-21h,khong,tinh-toan,
Mậu Tý-Hợi,Mậu Tý,Tý,Hợi,21h-23h,khong,tinh-toan,
Kỷ Sửu-Tý,Kỷ Sửu,Sửu,Tý,23h-1h,khong,tinh-toan,
Kỷ Sửu-Sửu,Kỷ Sửu,Sửu,Sửu,1h-3h,khong,tinh-toan,
Kỷ Sửu-Dần,Kỷ Sửu,Sửu,Dần,3h-5h,co,tinh-toan,
Kỷ Sửu-Mão,Kỷ Sửu,Sửu,Mão,5h-7h,co,tinh-toan,
Kỷ Sửu-Thìn,Kỷ Sửu,Sửu,Thìn,7h-9h,khong,tinh-toan,
Kỷ Sửu-Tỵ,Kỷ Sửu,Sửu,Tỵ,9h-11h,co,tinh-toan,
Kỷ Sửu-Ngọ,Kỷ Sửu,Sửu,Ngọ,11h-13h,khong,tinh-toan,
Kỷ Sửu-Mùi,Kỷ Sửu,Sửu,Mùi,13h-15h,khong,tinh-toan,
Kỷ Sửu-Thân,Kỷ Sửu,Sửu,Thân,15h-17h,co,tinh-toan,
Kỷ Sửu-Dậu,Kỷ Sửu,Sửu,Dậu,17h-19h,khong,tinh-toan,
Kỷ Sửu-Tuất,Kỷ Sửu,Sửu,Tuất,19h-21h,co,tinh-toan,
Kỷ Sửu-Hợi,Kỷ Sửu,Sửu,Hợi,21h-23h,co,tinh-toan,
Canh Dần-Tý,Canh Dần,Dần,Tý,23h-1h,co,tinh-toan,
Canh Dần-Sửu,Canh Dần,Dần,Sửu,1h-3h,co,tinh-toan,
Canh Dần-Dần,Canh Dần,Dần,Dần,3h-5h,khong,tinh-toan,
Canh Dần-Mão,Canh Dần,Dần,Mão,5h-7h,khong,tinh-toan,
Canh Dần-Thìn,Canh Dần,Dần,Thìn,7h-9h,co,tinh-toan,
Canh Dần-Tỵ,Canh Dần,Dần,Tỵ,9h-11h,co,tinh-toan,
Canh Dần-Ngọ,Canh Dần,Dần,Ngọ,11h-13h,khong,tinh-toan,
Canh Dần-Mùi,Canh Dần,Dần,Mùi,13h-15h,co,tinh-toan,
Canh Dần-Thân,Canh Dần,Dần,Thân,15h-17h,khong,tinh-toan,
Canh Dần-Dậu,Canh Dần,Dần,Dậu,17h-19h,khong,tinh-toan,
Canh Dần-Tuất,Canh Dần,Dần,Tuất,19h-21h,co,tinh-toan,
Canh Dần-Hợi,Canh Dần,Dần,Hợi,21h-23h,khong,tinh-toan,
Tân Mão-Tý,Tân Mão,Mão,Tý,23h-1h,co,tinh-toan,
Tân Mão-Sửu,Tân Mão,Mão,Sửu,1h-3h,khong,tinh-toan,
Tân Mão-Dần,Tân Mão,Mão,Dần,3h-5h,co,tinh-toan,
Tân Mão-Mão,Tân Mão,Mão,Mão,5h-7h,co,tinh-toan,
Tân Mão-Thìn,Tân Mão,Mão,Thìn,7h-9h,khong,tinh-toan,
Tân Mão-Tỵ,Tân Mão,Mão,Tỵ,9h-11h,khong,tinh-toan,
Tân Mão-Ngọ,Tân Mão,Mão,Ngọ,11h-13h,co,tinh-toan,
Tân Mão-Mùi,Tân Mão,Mão,Mùi,13h-15h,co,tinh-toan,
Tân Mão-Thân,Tân Mão,Mão,Thân,15h-17h,khong,tinh-toan,
Tân Mão-Dậu,Tân Mão,Mão,Dậu,17h-19h,co,tinh-toan,
Tân Mão-Tuất,Tân Mão,Mão,Tuất,19h-21h,khong,tinh-toan,
Tân Mão-Hợi,Tân Mão,Mão,Hợi,21h-23h,khong,tinh-toan,
Nhâm Thìn-Tý,Nhâm Thìn,Thìn,Tý,23h-1h,khong,tinh-toan,
Nhâm Thìn-Sửu,Nhâm Thìn,Thìn,Sửu,1h-3h,khong,tinh-toan,
Nhâm Thìn-Dần,Nhâm Thìn,Thìn,Dần,3h-5h,co,tinh-toan,
Nhâm Thìn-Mão,Nhâm Thìn,Thìn,Mão,5h-7h,khong,tinh-toan,
Nhâm Thìn-Thìn,Nhâm Thìn,Thìn,Thìn,7h-9h,co,tinh-toan,
Nhâm Thìn-Tỵ,Nhâm Thìn,Thìn,Tỵ,9h-11h,co,tinh-toan,
Nhâm Thìn-Ngọ,Nhâm Thìn,Thìn,Ngọ,11h-13h,khong,tinh-toan,
Nhâm Thìn-Mùi,Nhâm Thìn,Thìn,Mùi,13h-15h,khong,tinh-toan,
Nhâm Thìn-Thân,Nhâm Thìn,Thìn,Thân,15h-17h,co,tinh-toan,
Nhâm Thìn-Dậu,Nhâm Thìn,Thìn,Dậu,17h-19h,co,tinh-toan,
Nhâm Thìn-Tuất,Nhâm Thìn,Thìn,Tuất,19h-21h,khong,tinh-toan,
Nhâm Thìn-Hợi,Nhâm Thìn,Thìn,Hợi,21h-23h,co,tinh-toan,
Quý Tỵ-Tý,Quý Tỵ,Tỵ,Tý,23h-1h,khong,tinh-toan,
Quý Tỵ-Sửu,Quý Tỵ,Tỵ,Sửu,1h-3h,co,tinh-toan,
Quý Tỵ-Dần,Quý Tỵ,Tỵ,Dần,3h-5h,khong,tinh-toan,
Quý Tỵ-Mão,Quý Tỵ,Tỵ,Mão,5h-7h,khong,tinh-toan,
Quý Tỵ-Thìn,Quý Tỵ,Tỵ,Thìn,7h-9h,co,tinh-toan,
Quý Tỵ-Tỵ,Quý Tỵ,Tỵ,Tỵ,9h-11h,khong,tinh-toan,
Quý Tỵ-Ngọ,Quý Tỵ,Tỵ,Ngọ,11h-13h,co,tinh-toan,
Quý Tỵ-Mùi,Quý Tỵ,Tỵ,Mùi,13h-15h,co,tinh-toan,
Quý Tỵ-Thân,Quý Tỵ,Tỵ,Thân,15h-17h,khong,tinh-toan,
Quý Tỵ-Dậu,Quý Tỵ,Tỵ,Dậu,17h-19h,khong,tinh-toan,
Quý Tỵ-Tuất,Quý Tỵ,Tỵ,Tuất,19h-21h,co,tinh-toan,
Quý Tỵ-Hợi,Quý Tỵ,Tỵ,Hợi,21h-23h,co,tinh-toan,
Giáp Ngọ-Tý,Giáp Ngọ,Ngọ,Tý,23h-1h,co,tinh-toan,
Giáp Ngọ-Sửu,Giáp Ngọ,Ngọ,Sửu,1h-3h,co,tinh-toan,
Giáp Ngọ-Dần,Giáp Ngọ,Ngọ,Dần,3h-5h,khong,tinh-toan,
Giáp Ngọ-Mão,Giáp Ngọ,Ngọ,Mão,5h-7h,co,tinh-toan,
Giáp Ngọ-Thìn,Giáp Ngọ,Ngọ,Thìn,7h-9h,khong,tinh-toan,
Giáp Ngọ-Tỵ,Giáp Ngọ,Ngọ,Tỵ,9h-11h,khong,tinh-toan,
Giáp Ngọ-Ngọ,Giáp Ngọ,Ngọ,Ngọ,11h-13h,co,tinh-toan,
Giáp Ngọ-Mùi,Giáp Ngọ,Ngọ,Mùi,13h-15h,khong,tinh-toan,
Giáp Ngọ-Thân,Giáp Ngọ,Ngọ,Thân,15h-17h,co,tinh-toan,
Giáp Ngọ-Dậu,Giáp Ngọ,Ngọ,Dậu,17h-19h,co,tinh-toan,
Giáp Ngọ-Tuất,Giáp Ngọ,Ngọ,Tuất,19h-21h,khong,tinh-toan,
Giáp Ngọ-Hợi,Giáp Ngọ,Ngọ,Hợi,21h-23h,khong,tinh-toan,
Ất Mùi-Tý,Ất Mùi,Mùi,Tý,23h-1h,khong,tinh-toan,
Ất Mùi-Sửu,Ất Mùi,Mùi,Sửu,1h-3h,khong,tinh-toan,
Ất Mùi-Dần,Ất Mùi,Mùi,Dần,3h-5h,co,tinh-toan,
Ất Mùi-Mão,Ất Mùi,Mùi,Mão,5h-7h,co,tinh-toan,
Ất Mùi-Thìn,Ất Mùi,Mùi,Thìn,7h-9h,khong,tinh-toan,
Ất Mùi-Tỵ,Ất Mùi,Mùi,Tỵ,9h-11h,co,tinh-toan,
Ất Mùi-Ngọ,Ất Mùi,Mùi,Ngọ,11h-13h,khong,tinh-toan,
Ất Mùi-Mùi,Ất Mùi,Mùi,Mùi,13h-15h,khong,tinh-toan,
Ất Mùi-Thân,Ất Mùi,Mùi,Thân,15h-17h,co,tinh-toan,
Ất Mùi-Dậu,Ất Mùi,Mùi,Dậu,17h-19h,khong,tinh-toan,
Ất Mùi-Tuất,Ất Mùi,Mùi,Tuất,19h-21h,co,tinh-toan,
Ất Mùi-Hợi,Ất Mùi,Mùi,Hợi,21h-23h,co,tinh-toan,
Bính Thân-Tý,Bính Thân,Thân,Tý,23h-1h,co,tinh-toan,
Bính Thân-Sửu,Bính Thân,Thân,Sửu,1h-3h,co,tinh-toan,
Bính Thân-Dần,Bính Thân,Thân,Dần,3h-5h,khong,tinh-toan,
Bính Thân-Mão,Bính Thân,Thân,Mão,5h-7h,khong,tinh-toan,
Bính Thân-Thìn,Bính Thân,Thân,Thìn,7h-9h,co,tinh-toan,
Bính Thân-Tỵ,Bính Thân,Thân,Tỵ,9h-11h,co,tinh-toan,
Bính Thân-Ngọ,Bính Thân,Thân,Ngọ,11h-13h,khong,tinh-toan,
Bính Thân-Mùi,Bính Thân,Thân,Mùi,13h-15h,co,tinh-toan,
Bính Thân-Thân,Bính Thân,Thân,Thân,15h-17h,khong,tinh-toan,
Bính Thân-Dậu,Bính Thân,Thân,Dậu,17h-19h,khong,tinh-toan,
Bính Thân-Tuất,Bính Thân,Thân,Tuất,19h-21h,co,tinh-toan,
Bính Thân-Hợi,Bính Thân,Thân,Hợi,21h-23h,khong,tinh-toan,
Đinh Dậu-Tý,Đinh Dậu,Dậu,Tý,23h-1h,co,tinh-toan,
Đinh Dậu-Sửu,Đinh Dậu,Dậu,Sửu,1h-3h,khong,tinh-toan,
Đinh Dậu-Dần,Đinh Dậu,Dậu,Dần,3h-5h,co,tinh-toan,
Đinh Dậu-Mão,Đinh Dậu,Dậu,Mão,5h-7h,co,tinh-toan,
Đinh Dậu-Thìn,Đinh Dậu,Dậu,Thìn,7h-9h,khong,tinh-toan,
Đinh Dậu-Tỵ,Đinh Dậu,Dậu,Tỵ,9h-11h,khong,tinh-toan,
Đinh Dậu-Ngọ,Đinh Dậu,Dậu,Ngọ,11h-13h,co,tinh-toan,
Đinh Dậu-Mùi,Đinh Dậu,Dậu,Mùi,13h-15h,co,tinh-toan,
Đinh Dậu-Thân,Đinh Dậu,Dậu,Thân,15h-17h,khong,tinh-toan,
Đinh Dậu-Dậu,Đinh Dậu,Dậu,Dậu,17h-19h,co,tinh-toan,
Đinh Dậu-Tuất,Đinh Dậu,Dậu,Tuất,19h-21h,khong,tinh-toan,
Đinh Dậu-Hợi,Đinh Dậu,Dậu,Hợi,21h-23h,khong,tinh-toan,
Mậu Tuất-Tý,Mậu Tuất,Tuất,Tý,23h-1h,khong,tinh-toan,
Mậu Tuất-Sửu,Mậu Tuất,Tuất,Sửu,1h-3h,khong,tinh-toan,
Mậu Tuất-Dần,Mậu Tuất,Tuất,Dần,3h-5h,co,tinh-toan,
Mậu Tuất-Mão,Mậu Tuất,Tuất,Mão,5h-7h,khong,tinh-toan,
Mậu Tuất-Thìn,Mậu Tuất,Tuất,Thìn,7h-9h,co,tinh-toan,
Mậu Tuất-Tỵ,Mậu Tuất,Tuất,Tỵ,9h-11h,co,tinh-toan,
Mậu Tuất-Ngọ,Mậu Tuất,Tuất,Ngọ,11h-13h,khong,tinh-toan,
Mậu Tuất-Mùi,Mậu Tuất,Tuất,Mùi,13h-15h,khong,tinh-toan,
Mậu Tuất-Thân,Mậu Tuất,Tuất,Thân,15h-17h,co,tinh-toan,
Mậu Tuất-Dậu,Mậu Tuất,Tuất,Dậu,17h-19h,co,tinh-toan,
Mậu Tuất-Tuất,Mậu Tuất,Tuất,Tuất,19h-21h,khong,tinh-toan,
Mậu Tuất-Hợi,Mậu Tuất,Tuất,Hợi,21h-23h,co,tinh-toan,
Kỷ Hợi-Tý,Kỷ Hợi,Hợi,Tý,23h-1h,khong,tinh-toan,
Kỷ Hợi-Sửu,Kỷ Hợi,Hợi,Sửu,1h-3h,co,tinh-toan,
Kỷ Hợi-Dần,Kỷ Hợi,Hợi,Dần,3h-5h,khong,tinh-toan,
Kỷ Hợi-Mão,Kỷ Hợi,Hợi,Mão,5h-7h,khong,tinh-toan,
Kỷ Hợi-Thìn,Kỷ Hợi,Hợi,Thìn,7h-9h,co,tinh-toan,
Kỷ Hợi-Tỵ,Kỷ Hợi,Hợi,Tỵ,9h-11h,khong,tinh-toan,
Kỷ Hợi-Ngọ,Kỷ Hợi,Hợi,Ngọ,11h-13h,co,tinh-toan,
Kỷ Hợi-Mùi,Kỷ Hợi,Hợi,Mùi,13h-15h,co,tinh-toan,
Kỷ Hợi-Thân,Kỷ Hợi,Hợi,Thân,15h-17h,khong,tinh-toan,
Kỷ Hợi-Dậu,Kỷ Hợi,Hợi,Dậu,17h-19h,khong,tinh-toan,
Kỷ Hợi-Tuất,Kỷ Hợi,Hợi,Tuất,19h-21h,co,tinh-toan,
Kỷ Hợi-Hợi,Kỷ Hợi,Hợi,Hợi,21h-23h,co,tinh-toan,
Canh Tý-Tý,Canh Tý,Tý,Tý,23h-1h,co,tinh-toan,
Canh Tý-Sửu,Canh Tý,Tý,Sửu,1h-3h,co,tinh-toan,
Canh Tý-Dần,Canh Tý,Tý,Dần,3h-5h,khong,tinh-toan,
Canh Tý-Mão,Canh Tý,Tý,Mão,5h-7h,co,tinh-toan,
Canh Tý-Thìn,Canh Tý,Tý,Thìn,7h-9h,khong,tinh-toan,
Canh Tý-Tỵ,Canh Tý,Tý,Tỵ,9h-11h,khong,tinh-toan,
Canh Tý-Ngọ,Canh Tý,Tý,Ngọ,11h-13h,co,tinh-toan,
Canh Tý-Mùi,Canh Tý,Tý,Mùi,13h-15h,khong,tinh-toan,
Canh Tý-Thân,Canh Tý,Tý,Thân,15h-17h,co,tinh-toan,
Canh Tý-Dậu,Canh Tý,Tý,Dậu,17h-19h,co,tinh-toan,
Canh Tý-Tuất,Canh Tý,Tý,Tuất,19h-21h,khong,tinh-toan,
Canh Tý-Hợi,Canh Tý,Tý,Hợi,21h-23h,khong,tinh-toan,
Tân Sửu-Tý,Tân Sửu,Sửu,Tý,23h-1h,khong,tinh-toan,
Tân Sửu-Sửu,Tân Sửu,Sửu,Sửu,1h-3h,khong,tinh-toan,
Tân Sửu-Dần,Tân Sửu,Sửu,Dần,3h-5h,co,tinh-toan,
Tân Sửu-Mão,Tân Sửu,Sửu,Mão,5h-7h,co,tinh-toan,
Tân Sửu-Thìn,Tân Sửu,Sửu,Thìn,7h-9h,khong,tinh-toan,
Tân Sửu-Tỵ,Tân Sửu,Sửu,Tỵ,9h-11h,co,tinh-toan,
Tân Sửu-Ngọ,Tân Sửu,Sửu,Ngọ,11h-13h,khong,tinh-toan,
Tân Sửu-Mùi,Tân Sửu,Sửu,Mùi,13h-15h,khong,tinh-toan,
Tân Sửu-Thân,Tân Sửu,Sửu,Thân,15h-17h,co,tinh-toan,
Tân Sửu-Dậu,Tân Sửu,Sửu,Dậu,17h-19h,khong,tinh-toan,
Tân Sửu-Tuất,Tân Sửu,Sửu,Tuất,19h-21h,co,tinh-toan,
Tân Sửu-Hợi,Tân Sửu,Sửu,Hợi,21h-23h,co,tinh-toan,
Nhâm Dần-Tý,Nhâm Dần,Dần,Tý,23h-1h,co,tinh-toan,
Nhâm Dần-Sửu,Nhâm Dần,Dần,Sửu,1h-3h,co,tinh-toan,
Nhâm Dần-Dần,Nhâm Dần,Dần,Dần,3h-5h,khong,tinh-toan,
Nhâm Dần-Mão,Nhâm Dần,Dần,Mão,5h-7h,khong,tinh-toan,
Nhâm Dần-Thìn,Nhâm Dần,Dần,Thìn,7h-9h,co,tinh-toan,
Nhâm Dần-Tỵ,Nhâm Dần,Dần,Tỵ,9h-11h,co,tinh-toan,
Nhâm Dần-Ngọ,Nhâm Dần,Dần,Ngọ,11h-13h,khong,tinh-toan,
Nhâm Dần-Mùi,Nhâm Dần,Dần,Mùi,13h-15h,co,tinh-toan,
Nhâm Dần-Thân,Nhâm Dần,Dần,Thân,15h-17h,khong,tinh-toan,
Nhâm Dần-Dậu,Nhâm Dần,Dần,Dậu,17h-19h,khong,tinh-toan,
Nhâm Dần-Tuất,Nhâm Dần,Dần,Tuất,19h-21h,co,tinh-toan,
Nhâm Dần-Hợi,Nhâm Dần,Dần,Hợi,21h-23h,khong,tinh-toan,
Quý Mão-Tý,Quý Mão,Mão,Tý,23h-1h,co,tinh-toan,
Quý Mão-Sửu,Quý Mão,Mão,Sửu,1h-3h,khong,tinh-toan,
Quý Mão-Dần,Quý Mão,Mão,Dần,3h-5h,co,tinh-toan,
Quý Mão-Mão,Quý Mão,Mão,Mão,5h-7h,co,tinh-toan,
Quý Mão-Thìn,Quý Mão,Mão,Thìn,7h-9h,khong,tinh-toan,
Quý Mão-Tỵ,Quý Mão,Mão,Tỵ,9h-11h,khong,tinh-toan,
Quý Mão-Ngọ,Quý Mão,Mão,Ngọ,11h-13h,co,tinh-toan,
Quý Mão-Mùi,Quý Mão,Mão,Mùi,13h-15h,co,tinh-toan,
Quý Mão-Thân,Quý Mão,Mão,Thân,15h-17h,khong,tinh-toan,
Quý Mão-Dậu,Quý Mão,Mão,Dậu,17h-19h,co,tinh-toan,
Quý Mão-Tuất,Quý Mão,Mão,Tuất,19h-21h,khong,tinh-toan,
Quý Mão-Hợi,Quý Mão,Mão,Hợi,21h-23h,khong,tinh-toan,
Giáp Thìn-Tý,Giáp Thìn,Thìn,Tý,23h-1h,khong,tinh-toan,
Giáp Thìn-Sửu,Giáp Thìn,Thìn,Sửu,1h-3h,khong,tinh-toan,
Giáp Thìn-Dần,Giáp Thìn,Thìn,Dần,3h-5h,co,tinh-toan,
Giáp Thìn-Mão,Giáp Thìn,Thìn,Mão,5h-7h,khong,tinh-toan,
Giáp Thìn-Thìn,Giáp Thìn,Thìn,Thìn,7h-9h,co,tinh-toan,
Giáp Thìn-Tỵ,Giáp Thìn,Thìn,Tỵ,9h-11h,co,tinh-toan,
Giáp Thìn-Ngọ,Giáp Thìn,Thìn,Ngọ,11h-13h,khong,tinh-toan,
Giáp Thìn-Mùi,Giáp Thìn,Thìn,Mùi,13h-15h,khong,tinh-toan,
Giáp Thìn-Thân,Giáp Thìn,Thìn,Thân,15h-17h,co,tinh-toan,
Giáp Thìn-Dậu,Giáp Thìn,Thìn,Dậu,17h-19h,co,tinh-toan,
Giáp Thìn-Tuất,Giáp Thìn,Thìn,Tuất,19h-21h,khong,tinh-toan,
Giáp Thìn-Hợi,Giáp Thìn,Thìn,Hợi,21h-23h,co,tinh-toan,
Ất Tỵ-Tý,Ất Tỵ,Tỵ,Tý,23h-1h,khong,tinh-toan,
Ất Tỵ-Sửu,Ất Tỵ,Tỵ,Sửu,1h-3h,co,tinh-toan,
Ất Tỵ-Dần,Ất Tỵ,Tỵ,Dần,3h-5h,khong,tinh-toan,
Ất Tỵ-Mão,Ất Tỵ,Tỵ,Mão,5h-7h,khong,tinh-toan,
Ất Tỵ-Thìn,Ất Tỵ,Tỵ,Thìn,7h-9h,co,tinh-toan,
Ất Tỵ-Tỵ,Ất Tỵ,Tỵ,Tỵ,9h-11h,khong,tinh-toan,
Ất Tỵ-Ngọ,Ất Tỵ,Tỵ,Ngọ,11h-13h,co,tinh-toan,
Ất Tỵ-Mùi,Ất Tỵ,Tỵ,Mùi,13h-15h,co,tinh-toan,
Ất Tỵ-Thân,Ất Tỵ,Tỵ,Thân,15h-17h,khong,tinh-toan,
Ất Tỵ-Dậu,Ất Tỵ,Tỵ,Dậu,17h-19h,khong,tinh-toan,
Ất Tỵ-Tuất,Ất Tỵ,Tỵ,Tuất,19h-21h,co,tinh-toan,
Ất Tỵ-Hợi,Ất Tỵ,Tỵ,Hợi,21h-23h,co,tinh-toan,
Bính Ngọ-Tý,Bính Ngọ,Ngọ,Tý,23h-1h,co,tinh-toan,
Bính Ngọ-Sửu,Bính Ngọ,Ngọ,Sửu,1h-3h,co,tinh-toan,
Bính Ngọ-Dần,Bính Ngọ,Ngọ,Dần,3h-5h,khong,tinh-toan,
Bính Ngọ-Mão,Bính Ngọ,Ngọ,Mão,5h-7h,co,tinh-toan,
Bính Ngọ-Thìn,Bính Ngọ,Ngọ,Thìn,7h-9h,khong,tinh-toan,
Bính Ngọ-Tỵ,Bính Ngọ,Ngọ,Tỵ,9h-11h,khong,tinh-toan,
Bính Ngọ-Ngọ,Bính Ngọ,Ngọ,Ngọ,11h-13h,co,tinh-toan,
Bính Ngọ-Mùi,Bính Ngọ,Ngọ,Mùi,13h-15h,khong,tinh-toan,
Bính Ngọ-Thân,Bính Ngọ,Ngọ,Thân,15h-17h,co,tinh-toan,
Bính Ngọ-Dậu,Bính Ngọ,Ngọ,Dậu,17h-19h,co,tinh-toan,
Bính Ngọ-Tuất,Bính Ngọ,Ngọ,Tuất,19h-21h,khong,tinh-toan,
Bính Ngọ-Hợi,Bính Ngọ,Ngọ,Hợi,21h-23h,khong,tinh-toan,
Đinh Mùi-Tý,Đinh Mùi,Mùi,Tý,23h-1h,khong,tinh-toan,
Đinh Mùi-Sửu,Đinh Mùi,Mùi,Sửu,1h-3h,khong,tinh-toan,
Đinh Mùi-Dần,Đinh Mùi,Mùi,Dần,3h-5h,co,tinh-toan,
Đinh Mùi-Mão,Đinh Mùi,Mùi,Mão,5h-7h,co,tinh-toan,
Đinh Mùi-Thìn,Đinh Mùi,Mùi,Thìn,7h-9h,khong,tinh-toan,
Đinh Mùi-Tỵ,Đinh Mùi,Mùi,Tỵ,9h-11h,co,tinh-toan,
Đinh Mùi-Ngọ,Đinh Mùi,Mùi,Ngọ,11h-13h,khong,tinh-toan,
Đinh Mùi-Mùi,Đinh Mùi,Mùi,Mùi,13h-15h,khong,tinh-toan,
Đinh Mùi-Thân,Đinh Mùi,Mùi,Thân,15h-17h,co,tinh-toan,
Đinh Mùi-Dậu,Đinh Mùi,Mùi,Dậu,17h-19h,khong,tinh-toan,
Đinh Mùi-Tuất,Đinh Mùi,Mùi,Tuất,19h-21h,co,tinh-toan,
Đinh Mùi-Hợi,Đinh Mùi,Mùi,Hợi,21h-23h,co,tinh-toan,
Mậu Thân-Tý,Mậu Thân,Thân,Tý,23h-1h,co,tinh-toan,
Mậu Thân-Sửu,Mậu Thân,Thân,Sửu,1h-3h,co,tinh-toan,
Mậu Thân-Dần,Mậu Thân,Thân,Dần,3h-5h,khong,tinh-toan,
Mậu Thân-Mão,Mậu Thân,Thân,Mão,5h-7h,khong,tinh-toan,
Mậu Thân-Thìn,Mậu Thân,Thân,Thìn,7h-9h,co,tinh-toan,
Mậu Thân-Tỵ,Mậu Thân,Thân,Tỵ,9h-11h,co,tinh-toan,
Mậu Thân-Ngọ,Mậu Thân,Thân,Ngọ,11h-13h,khong,tinh-toan,
Mậu Thân-Mùi,Mậu Thân,Thân,Mùi,13h-15h,co,tinh-toan,
Mậu Thân-Thân,Mậu Thân,Thân,Thân,15h-17h,khong,tinh-toan,
Mậu Thân-Dậu,Mậu Thân,Thân,Dậu,17h-19h,khong,tinh-toan,
Mậu Thân-Tuất,Mậu Thân,Thân,Tuất,19h-21h,co,tinh-toan,
Mậu Thân-Hợi,Mậu Thân,Thân,Hợi,21h-23h,khong,tinh-toan,
Kỷ Dậu-Tý,Kỷ Dậu,Dậu,Tý,23h-1h,co,tinh-toan,
Kỷ Dậu-Sửu,Kỷ Dậu,Dậu,Sửu,1h-3h,khong,tinh-toan,
Kỷ Dậu-Dần,Kỷ Dậu,Dậu,Dần,3h-5h,co,tinh-toan,
Kỷ Dậu-Mão,Kỷ Dậu,Dậu,Mão,5h-7h,co,tinh-toan,
Kỷ Dậu-Thìn,Kỷ Dậu,Dậu,Thìn,7h-9h,khong,tinh-toan,
Kỷ Dậu-Tỵ,Kỷ Dậu,Dậu,Tỵ,9h-11h,khong,tinh-toan,
Kỷ Dậu-Ngọ,Kỷ Dậu,Dậu,Ngọ,11h-13h,co,tinh-toan,
Kỷ Dậu-Mùi,Kỷ Dậu,Dậu,Mùi,13h-15h,co,tinh-toan,
Kỷ Dậu-Thân,Kỷ Dậu,Dậu,Thân,15h-17h,khong,tinh-toan,
Kỷ Dậu-Dậu,Kỷ Dậu,Dậu,Dậu,17h-19h,co,tinh-toan,
Kỷ Dậu-Tuất,Kỷ Dậu,Dậu,Tuất,19h-21h,khong,tinh-toan,
Kỷ Dậu-Hợi,Kỷ Dậu,Dậu,Hợi,21h-23h,khong,tinh-toan,
Canh Tuất-Tý,Canh Tuất,Tuất,Tý,23h-1h,khong,tinh-toan,
Canh Tuất-Sửu,Canh Tuất,Tuất,Sửu,1h-3h,khong,tinh-toan,
Canh Tuất-Dần,Canh Tuất,Tuất,Dần,3h-5h,co,tinh-toan,
Canh Tuất-Mão,Canh Tuất,Tuất,Mão,5h-7h,khong,tinh-toan,
Canh Tuất-Thìn,Canh Tuất,Tuất,Thìn,7h-9h,co,tinh-toan,
Canh Tuất-Tỵ,Canh Tuất,Tuất,Tỵ,9h-11h,co,tinh-toan,
Canh Tuất-Ngọ,Canh Tuất,Tuất,Ngọ,11h-13h,khong,tinh-toan,
Canh Tuất-Mùi,Canh Tuất,Tuất,Mùi,13h-15h,khong,tinh-toan,
Canh Tuất-Thân,Canh Tuất,Tuất,Thân,15h-17h,co,tinh-toan,
Canh Tuất-Dậu,Canh Tuất,Tuất,Dậu,17h-19h,co,tinh-toan,
Canh Tuất-Tuất,Canh Tuất,Tuất,Tuất,19h-21h,khong,tinh-toan,
Canh Tuất-Hợi,Canh Tuất,Tuất,Hợi,21h-23h,co,tinh-toan,
Tân Hợi-Tý,Tân Hợi,Hợi,Tý,23h-1h,khong,tinh-toan,
Tân Hợi-Sửu,Tân Hợi,Hợi,Sửu,1h-3h,co,tinh-toan,
Tân Hợi-Dần,Tân Hợi,Hợi,Dần,3h-5h,khong,tinh-toan,
Tân Hợi-Mão,Tân Hợi,Hợi,Mão,5h-7h,khong,tinh-toan,
Tân Hợi-Thìn,Tân Hợi,Hợi,Thìn,7h-9h,co,tinh-toan,
Tân Hợi-Tỵ,Tân Hợi,Hợi,Tỵ,9h-11h,khong,tinh-toan,
Tân Hợi-Ngọ,Tân Hợi,Hợi,Ngọ,11h-13h,co,tinh-toan,
Tân Hợi-Mùi,Tân Hợi,Hợi,Mùi,13h-15h,co,tinh-toan,
Tân Hợi-Thân,Tân Hợi,Hợi,Thân,15h-17h,khong,tinh-toan,
Tân Hợi-Dậu,Tân Hợi,Hợi,Dậu,17h-19h,khong,tinh-toan,
Tân Hợi-Tuất,Tân Hợi,Hợi,Tuất,19h-21h,co,tinh-toan,
Tân Hợi-Hợi,Tân Hợi,Hợi,Hợi,21h-23h,co,tinh-toan,
Nhâm Tý-Tý,Nhâm Tý,Tý,Tý,23h-1h,co,tinh-toan,
Nhâm Tý-Sửu,Nhâm Tý,Tý,Sửu,1h-3h,co,tinh-toan,
Nhâm Tý-Dần,Nhâm Tý,Tý,Dần,3h-5h,khong,tinh-toan,
Nhâm Tý-Mão,Nhâm Tý,Tý,Mão,5h-7h,co,tinh-toan,
Nhâm Tý-Thìn,Nhâm Tý,Tý,Thìn,7h-9h,khong,tinh-toan,
Nhâm Tý-Tỵ,Nhâm Tý,Tý,Tỵ,9h-11h,khong,tinh-toan,
Nhâm Tý-Ngọ,Nhâm Tý,Tý,Ngọ,11h-13h,co,tinh-toan,
Nhâm Tý-Mùi,Nhâm Tý,Tý,Mùi,13h-15h,khong,tinh-toan,
Nhâm Tý-Thân,Nhâm Tý,Tý,Thân,15h-17h,co,tinh-toan,
Nhâm Tý-Dậu,Nhâm Tý,Tý,Dậu,17h-19h,co,tinh-toan,
Nhâm Tý-Tuất,Nhâm Tý,Tý,Tuất,19h-21h,khong,tinh-toan,
Nhâm Tý-Hợi,Nhâm Tý,Tý,Hợi,21h-23h,khong,tinh-toan,
Quý Sửu-Tý,Quý Sửu,Sửu,Tý,23h-1h,khong,tinh-toan,
Quý Sửu-Sửu,Quý Sửu,Sửu,Sửu,1h-3h,khong,tinh-toan,
Quý Sửu-Dần,Quý Sửu,Sửu,Dần,3h-5h,co,tinh-toan,
Quý Sửu-Mão,Quý Sửu,Sửu,Mão,5h-7h,co,tinh-toan,
Quý Sửu-Thìn,Quý Sửu,Sửu,Thìn,7h-9h,khong,tinh-toan,
Quý Sửu-Tỵ,Quý Sửu,Sửu,Tỵ,9h-11h,co,tinh-toan,
Quý Sửu-Ngọ,Quý Sửu,Sửu,Ngọ,11h-13h,khong,tinh-toan,
Quý Sửu-Mùi,Quý Sửu,Sửu,Mùi,13h-15h,khong,tinh-toan,
Quý Sửu-Thân,Quý Sửu,Sửu,Thân,15h-17h,co,tinh-toan,
Quý Sửu-Dậu,Quý Sửu,Sửu,Dậu,17h-19h,khong,tinh-toan,
Quý Sửu-Tuất,Quý Sửu,Sửu,Tuất,19h-21h,co,tinh-toan,
Quý Sửu-Hợi,Quý Sửu,Sửu,Hợi,21h-23h,co,tinh-toan,
Giáp Dần-Tý,Giáp Dần,Dần,Tý,23h-1h,co,tinh-toan,
Giáp Dần-Sửu,Giáp Dần,Dần,Sửu,1h-3h,co,tinh-toan,
Giáp Dần-Dần,Giáp Dần,Dần,Dần,3h-5h,khong,tinh-toan,
Giáp Dần-Mão,Giáp Dần,Dần,Mão,5h-7h,khong,tinh-toan,
Giáp Dần-Thìn,Giáp Dần,Dần,Thìn,7h-9h,co,tinh-toan,
Giáp Dần-Tỵ,Giáp Dần,Dần,Tỵ,9h-11h,co,tinh-toan,
Giáp Dần-Ngọ,Giáp Dần,Dần,Ngọ,11h-13h,khong,tinh-toan,
Giáp Dần-Mùi,Giáp Dần,Dần,Mùi,13h-15h,co,tinh-toan,
Giáp Dần-Thân,Giáp Dần,Dần,Thân,15h-17h,khong,tinh-toan,
Giáp Dần-Dậu,Giáp Dần,Dần,Dậu,17h-19h,khong,tinh-toan,
Giáp Dần-Tuất,Giáp Dần,Dần,Tuất,19h-21h,co,tinh-toan,
Giáp Dần-Hợi,Giáp Dần,Dần,Hợi,21h-23h,khong,tinh-toan,
Ất Mão-Tý,Ất Mão,Mão,Tý,23h-1h,co,tinh-toan,
Ất Mão-Sửu,Ất Mão,Mão,Sửu,1h-3h,khong,tinh-toan,
Ất Mão-Dần,Ất Mão,Mão,Dần,3h-5h,co,tinh-toan,
Ất Mão-Mão,Ất Mão,Mão,Mão,5h-7h,co,tinh-toan,
Ất Mão-Thìn,Ất Mão,Mão,Thìn,7h-9h,khong,tinh-toan,
Ất Mão-Tỵ,Ất Mão,Mão,Tỵ,9h-11h,khong,tinh-toan,
Ất Mão-Ngọ,Ất Mão,Mão,Ngọ,11h-13h,co,tinh-toan,
Ất Mão-Mùi,Ất Mão,Mão,Mùi,13h-15h,co,tinh-toan,
Ất Mão-Thân,Ất Mão,Mão,Thân,15h-17h,khong,tinh-toan,
Ất Mão-Dậu,Ất Mão,Mão,Dậu,17h-19h,co,tinh-toan,
Ất Mão-Tuất,Ất Mão,Mão,Tuất,19h-21h,khong,tinh-toan,
Ất Mão-Hợi,Ất Mão,Mão,Hợi,21h-23h,khong,tinh-toan,
Bính Thìn-Tý,Bính Thìn,Thìn,Tý,23h-1h,khong,tinh-toan,
Bính Thìn-Sửu,Bính Thìn,Thìn,Sửu,1h-3h,khong,tinh-toan,
Bính Thìn-Dần,Bính Thìn,Thìn,Dần,3h-5h,co,tinh-toan,
Bính Thìn-Mão,Bính Thìn,Thìn,Mão,5h-7h,khong,tinh-toan,
Bính Thìn-Thìn,Bính Thìn,Thìn,Thìn,7h-9h,co,tinh-toan,
Bính Thìn-Tỵ,Bính Thìn,Thìn,Tỵ,9h-11h,co,tinh-toan,
Bính Thìn-Ngọ,Bính Thìn,Thìn,Ngọ,11h-13h,khong,tinh-toan,
Bính Thìn-Mùi,Bính Thìn,Thìn,Mùi,13h-15h,khong,tinh-toan,
Bính Thìn-Thân,Bính Thìn,Thìn,Thân,15h-17h,co,tinh-toan,
Bính Thìn-Dậu,Bính Thìn,Thìn,Dậu,17h-19h,co,tinh-toan,
Bính Thìn-Tuất,Bính Thìn,Thìn,Tuất,19h-21h,khong,tinh-toan,
Bính Thìn-Hợi,Bính Thìn,Thìn,Hợi,21h-23h,co,tinh-toan,
Đinh Tỵ-Tý,Đinh Tỵ,Tỵ,Tý,23h-1h,khong,tinh-toan,
Đinh Tỵ-Sửu,Đinh Tỵ,Tỵ,Sửu,1h-3h,co,tinh-toan,
Đinh Tỵ-Dần,Đinh Tỵ,Tỵ,Dần,3h-5h,khong,tinh-toan,
Đinh Tỵ-Mão,Đinh Tỵ,Tỵ,Mão,5h-7h,khong,tinh-toan,
Đinh Tỵ-Thìn,Đinh Tỵ,Tỵ,Thìn,7h-9h,co,tinh-toan,
Đinh Tỵ-Tỵ,Đinh Tỵ,Tỵ,Tỵ,9h-11h,khong,tinh-toan,
Đinh Tỵ-Ngọ,Đinh Tỵ,Tỵ,Ngọ,11h-13h,co,tinh-toan,
Đinh Tỵ-Mùi,Đinh Tỵ,Tỵ,Mùi,13h-15h,co,tinh-toan,
Đinh Tỵ-Thân,Đinh Tỵ,Tỵ,Thân,15h-17h,khong,tinh-toan,
Đinh Tỵ-Dậu,Đinh Tỵ,Tỵ,Dậu,17h-19h,khong,tinh-toan,
Đinh Tỵ-Tuất,Đinh Tỵ,Tỵ,Tuất,19h-21h,co,tinh-toan,
Đinh Tỵ-Hợi,Đinh Tỵ,Tỵ,Hợi,21h-23h,co,tinh-toan,
