id,ten,ten_en,loai_ngay,ngay_am,ngay_duong,ngay_nghi_le,nhom,muc_do,ngay_truoc,ngay_sau,lich_cong_bo,mo_ta,nguon,ghi_chu
carnaval-ha-long,Carnaval Hạ Long,Hạ Long Carnival,theo-nam,,,khong,khac,minor,0,0,"2026: 2026-04-30 đến 2026-04-30, chính lễ 2026-04-30, https://baoquangninh.vn/canaval-ha-long-2026-ky-quan-bung-sang-ky-nguyen-moi-khai-mac-toi-30-4-3405666.html","Lễ hội đường phố của Quảng Ninh vào dịp 30/4, gồm đoàn diễu diễn dọc đường Trần Quốc Nghiễn và chương trình nghệ thuật tại Quảng trường 30/10.",bien-tap,
cho-vieng,Chợ Viềng,Viềng Market,lunar,8/1,,khong,khac,minor,1,0,,"Phiên chợ mỗi năm họp một lần, từ đêm mùng 7 tới rạng sáng mùng 8 tháng Giêng, theo tinh thần mua may bán rủi. Người ta mua nông cụ, cây giống, thịt bò lấy lộc đầu năm. Có hai chợ nổi tiếng: Viềng Phủ ở Vụ Bản và Viềng Chùa ở Nam Trực.",bien-tap,
dai-le-hoi-yen-dieu-tri-cung,Đại lễ Hội Yến Diêu Trì Cung,Dieu Tri Palace Banquet (Cao Dai Mid-Autumn Grand Ceremony),lunar,15/8,,khong,tin-nguong,major,0,1,"2026: 2026-09-25 đến 2026-09-26, chính lễ 2026-09-25, https://tuoitre.vn/hang-van-nguoi-ve-toa-thanh-tay-ninh-du-chay-cung-dai-le-hoi-yen-dieu-tri-cung-100260925135231974.htm","Đại lễ lớn của đạo Cao Đài dâng Đức Phật Mẫu vào rằm tháng Tám, có tiệc chay từ năm 1925; năm 2026 dự kiến hơn 300.000 tín đồ và du khách, hơn 150 gian hoa trái của các họ đạo.",bien-tap,
festival-bien-khanh-hoa,Festival Biển Khánh Hòa,Khánh Hòa Sea Festival,theo-nam,,,khong,khac,minor,0,0,"2026: 2026-07-17 đến 2026-07-19, chính lễ 2026-07-17, https://thanhnien.vn/festival-bien-khanh-hoa-2026-dai-tiec-mua-he-ky-vong-thu-hut-800000-du-khach-185260514082220004.htm","Lễ hội biển của tỉnh Khánh Hòa tổ chức tại Nha Trang, có sự tham gia của các bộ, ngành, nhiều tỉnh thành và đối tác quốc tế. Ba ngày chính có lễ khai mạc ở Quảng trường 2 tháng 4, kèm chuỗi hoạt động hưởng ứng kéo dài khoảng một tháng.",bien-tap,
festival-dan-ca-dan-vu-quoc-te,"Festival Dân ca, Dân vũ quốc tế",International Folk Song and Dance Festival 2026 (Dien Bien),theo-nam,,,khong,khac,major,0,0,"2026: 2026-08-28 đến 2026-09-02, chính lễ 2026-08-28, http://vov.vn/van-hoa/cong-bo-festival-dan-ca-dan-vu-quoc-te-nam-2026-tai-tinh-dien-bien-post1317523.vov","Lần đầu Điện Biên đăng cai, chủ đề ""Kết nối văn hóa, lan tỏa hòa bình, vươn tầm hội nhập"", quy tụ đoàn dân ca dân vũ trong nước và quốc tế dịp Quốc khánh.",bien-tap,
festival-du-lich-cua-lo,Festival Du lịch Cửa Lò,Cửa Lò Tourism Festival,theo-nam,,,khong,khac,minor,0,0,"2026: 2026-04-25 đến 2026-04-25, chính lễ 2026-04-25, https://nhandan.vn/khai-mac-festival-du-lich-cua-lo-nam-2026-post958482.html","Sự kiện mở mùa du lịch biển của Nghệ An, do UBND tỉnh chủ trì tại bãi biển Cửa Lò. Sau đêm khai mạc là chuỗi hoạt động kéo dài trong năm như carnaval biển, giải thể thao bãi biển, chương trình dân ca ví, giặm và lễ hội ẩm thực Bắc Trung Bộ.",bien-tap,
festival-hoa-da-lat,Festival Hoa Đà Lạt,11th Da Lat Flower Festival 2026,theo-nam,,,khong,khac,major,0,0,"2026: 2026-12-19 đến 2026-12-31, chính lễ 2026-12-19, https://thanhnien.vn/festival-hoa-da-lat-2026-sac-hoa-hoa-cung-am-nhac-va-cong-nghe-185260616162033587.htm","Chủ đề ""Đà Lạt, bản giao hòa của sắc hoa và âm nhạc"", tổ chức trên phạm vi toàn tỉnh Lâm Đồng, hoạt động trọng tâm cuối tháng 12, một số chương trình hưởng ứng kéo sang đầu tháng 1/2027.",bien-tap,
festival-quoc-te-cong-chieng-gia-lai,Festival quốc tế Cồng chiêng Gia Lai,Gia Lai International Gong Festival 2026,theo-nam,,,khong,khac,major,0,0,"2026: 2026-10-30 đến 2026-11-08, chính lễ 2026-11-07, https://www.vietnamplus.vn/gia-lai-sap-to-chuc-festival-quoc-te-cong-chieng-nam-2026-post1131212.vnp","Sự kiện trọng điểm của Năm Du lịch quốc gia Gia Lai 2026, khoảng 45 đội cồng chiêng trong và ngoài nước, kỷ niệm 21 năm UNESCO ghi danh Không gian văn hóa Cồng chiêng Tây Nguyên; có lễ hội đường phố ngày 6/11.",bien-tap,
festival-thu-ha-noi,Festival Thu Hà Nội,Hanoi Autumn Festival,theo-nam,,,khong,khac,minor,0,0,"2026: 2026-10-16 đến 2026-10-18, chính lễ 2026-10-16, https://nhandan.vn/dieu-chinh-thoi-gian-to-chuc-festival-thu-ha-noi-2026-post990809.html","Festival mùa thu của Hà Nội với biểu diễn nghệ thuật, không gian văn hóa và ẩm thực.",bien-tap,
festival-tra-quoc-te-thai-nguyen,Festival Trà quốc tế Thái Nguyên,Thai Nguyen International Tea Festival 2026,theo-nam,,,khong,khac,major,0,0,"2026: 2026-10-30 đến 2026-11-07, chính lễ 2026-10-30, https://daibieunhandan.vn/thai-nguyen-san-sang-cho-festival-tra-quoc-te-2026-10427227.html","Festival chủ đề ""Thái Nguyên, Đệ nhất danh trà"" với phố trà, diễn đàn trà quốc tế và cuộc thi Vietnam Master Tea, tôn vinh vùng chè Tân Cương và văn hóa trà.",bien-tap,
gio-to-hung-vuong,Giỗ Tổ Hùng Vương,Hùng Kings' Commemoration Day,lunar,10/3,,co,le-tet,major,0,0,,"Ngày giỗ tổ, tưởng nhớ các Vua Hùng có công dựng nước, quốc lễ của Việt Nam.",bien-tap,
hoi-den-va,Hội Thu đền Và,Và Temple Autumn Festival,lunar,15/9,,khong,tin-nguong,minor,1,0,,"Hội mùa Thu đền Và thờ Tản Viên Sơn Thánh, diễn ra 14 và 15 tháng Chín âm lịch, có lễ đả ngư (đánh cá dâng Thánh).",bien-tap,
hoi-dua-bo-bay-nui,Hội đua bò Bảy Núi,Bay Nui Ox Racing Festival,theo-nam,,,khong,tin-nguong,minor,0,0,"2026: 2026-10-10 đến 2026-10-10, chính lễ 2026-10-10, https://ancu.angiang.gov.vn/giang-chuc-hoi-dua-bo-bay-nui-tranh-cup-truyen-hinh-giang-atv-lan-thu-31-nam-2026","Hội đua bò của người Khmer vùng Bảy Núi gắn với lễ Sene Dolta; giải truyền thống Chùa Rô năm 2026 đã diễn ra 13/9 với 32 đôi bò, giải ATV lần thứ 31 dự kiến ngày 10/10.",bien-tap,
hoi-giong-den-phu-dong,Hội Gióng đền Phù Đổng,Gióng Festival at Phù Đổng Temple,lunar,9/4,,khong,tin-nguong,minor,2,0,,"Hội Gióng ở quê nhà Thánh Gióng, diễn ra 7 tới 9 tháng Tư âm lịch, chính hội ngày 9. Hội Gióng được UNESCO ghi danh Di sản văn hóa phi vật thể đại diện của nhân loại năm 2010.",bien-tap,
hoi-giong-den-soc,Hội Gióng đền Sóc,"Gióng Festival, Sóc Temple",lunar,6/1,,khong,tin-nguong,major,0,0,,"Hội Gióng đền Sóc được tổ chức từ ngày 6 đến 8 tháng Giêng tại xã Phù Linh, Sóc Sơn, tưởng nhớ Thánh Gióng, vị anh hùng đánh giặc Ân, nơi ngài hóa trước khi về trời. Lễ hội đã được UNESCO công nhận là di sản văn hóa phi vật thể đại diện của nhân loại năm 2010.",bien-tap,
hoi-hang-pinh,Hội Háng Pỉnh,Hang Pinh Mid-Autumn Cake Market (Lang Son),lunar,12/8,,khong,tin-nguong,minor,0,0,"2026: 2026-09-22 đến 2026-09-22, chính lễ 2026-09-22, https://www.vietnam.vn/cac-hoat-dong-trong-khuon-kho-hoi-hang-pinh-nam-2026","Hội chợ bánh nướng dịp Trung thu của người Tày, Nùng xứ Lạng, theo lệ họp ngày 12 tháng 8 âm lịch ở chợ Kỳ Lừa, có hát sli, thưởng bánh và trò chơi dân gian.",bien-tap,
hoi-lim,Hội Lim,Hội Lim (Lim Festival),lunar,13/1,,khong,tin-nguong,major,1,1,,"Hội Lim là lễ hội quan họ lớn nhất vùng Kinh Bắc, diễn ra chính vào ngày 13 tháng Giêng tại đồi Lim, huyện Tiên Du, gồm tế lễ và hát quan họ đối đáp giữa các liền anh, liền chị.",bien-tap,
hoi-vat-lang-sinh,Hội vật làng Sình,Làng Sình Wrestling Festival,lunar,10/1,,khong,tin-nguong,minor,0,0,,"Hội vật làng Sình diễn ra trọn một ngày mùng 10 tháng Giêng ở đình làng Lại Ân, có từ thời chúa Nguyễn. Sau lễ tế Thành hoàng, bất kỳ khán giả nào cũng được đăng ký lên sới vật.",bien-tap,
hoi-xuan-chua-keo,Hội Xuân chùa Keo,Chùa Keo Spring Festival,lunar,4/1,,khong,tin-nguong,minor,0,4,,"Hội xuân ở chùa Keo mở từ mùng 4 tháng Giêng, với lễ khai chỉ, múa rối chầu Thánh và lễ tế ở Giá Roi. Phần hội có thi thổi cơm, bắt vịt dưới hồ, hát chèo thuyền, đánh trống bịt mắt. Đây là hội mùa xuân, khác hội chùa Keo mùa thu tháng Chín.",bien-tap,
khai-hoi-chua-bai-dinh,Khai hội chùa Bái Đính,Bái Đính Pagoda Festival Opening,lunar,6/1,,khong,tin-nguong,minor,0,0,,"Lễ khai hội chùa Bái Đính diễn ra mùng 6 tháng Giêng và mùa hội kéo dài tới hết tháng Ba âm lịch. Phần lễ tưởng nhớ Quốc sư Nguyễn Minh Không, tế thần Cao Sơn và chầu Mẫu Thượng Ngàn; phần hội có rước kiệu lên chùa cổ.",bien-tap,
le-cac-thanh-tu-dao-viet-nam,Lễ Các Thánh Tử đạo Việt Nam,Feast of the Vietnamese Martyrs,solar,,24/11,khong,tin-nguong,minor,0,0,,"Ngày 24 tháng 11 là lễ trọng kính 117 Thánh Tử đạo Việt Nam, được Giáo hoàng Gioan Phaolô II tôn phong hiển thánh năm 1988, và là lễ bổn mạng của Giáo hội Công giáo Việt Nam. Các giáo xứ cử hành thánh lễ; tại Trung tâm hành hương Các Thánh Tử đạo Việt Nam ở Sở Kiện có tuần hành hương từ 17 đến 24/11, các giáo phận thay phiên nhau về dự.",bien-tap,
le-giang-sinh,Lễ Giáng sinh,Christmas,solar,,25/12,khong,tin-nguong,major,0,0,,"Lễ mừng Chúa Giáng sinh của người Công giáo: lễ vọng đêm 24/12 và lễ chính ngày 25/12. Ở Việt Nam, Noel còn là dịp chung của cả người không theo Công giáo, nhất là ở các thành phố lớn.",bien-tap,
le-gio-anh-hung-dan-toc-truong-dinh,Lễ giỗ Anh hùng dân tộc Trương Định,Memorial of National Hero Trương Định,solar,,20/8,khong,tin-nguong,minor,0,0,"2026: 2026-08-18 đến 2026-08-20, chính lễ 2026-08-18, https://baodongthap.vn/phuong-go-cong-san-sang-cho-le-tuong-niem-anh-hung-dan-toc-truong-dinh-a244336.html","Lễ giỗ Bình Tây Đại nguyên soái Trương Định, người lãnh đạo nghĩa quân Gò Công chống Pháp, tuẫn tiết ngày 20/8/1864. Lễ được giữ theo ngày dương lịch, có rước linh, dâng hoa tại tượng đài, tế lễ ở đền thờ và đình Gia Thuận. Là di sản văn hóa phi vật thể quốc gia.",bien-tap,
le-gio-ba-phi-yen,Lễ giỗ bà Phi Yến,Commemoration of Lady Phi Yến,lunar,18/10,,khong,tin-nguong,minor,1,0,,"Người dân Côn Đảo làm giỗ bà Phi Yến ngày 18 tháng Mười âm lịch tại An Sơn Miếu: từ đêm 17 đã bày cúng và đãi khách, lễ chính sáng 18 gồm tế lễ, dâng hương, rước bài vị. Theo truyền ngôn, bà tên thật là Lê Thị Răm và mất ở Côn Đảo năm 1785; giới sử học còn băn khoăn về thân thế của bà, nên Bộ VHTTDL đã bỏ chữ “thứ phi” khỏi tên di sản. Đây là lễ hội dân gian lớn nhất trong năm ở Côn Đảo, vào Danh mục di sản văn hóa phi vật thể quốc gia năm 2022.",bien-tap,
le-gio-dai-thi-hao-nguyen-du,Lễ giỗ Đại thi hào Nguyễn Du,Death Anniversary of Great Poet Nguyen Du,lunar,10/8,,khong,tin-nguong,minor,0,0,"2026: 2026-09-20 đến 2026-09-20, chính lễ 2026-09-20, https://baohatinh.vn/trang-trong-le-gio-lan-thu-206-cua-dai-thi-hao-nguyen-du-tai-ha-tinh-post317457.html","Lễ giỗ lần thứ 206 tổ chức ngày 20/9/2026 (10/8 âm), dâng hương tại mộ và nhà thờ, do dòng họ Nguyễn Tiên Điền thực hiện nghi lễ.",bien-tap,
le-gio-hoang-de-quang-trung,Lễ giỗ Hoàng đế Quang Trung,Death Anniversary of Emperor Quang Trung,lunar,29/7,,khong,tin-nguong,minor,0,0,"2026: 2026-09-10 đến 2026-09-10, chính lễ 2026-09-10, https://thanhnien.vn/le-gio-hoang-de-quang-trung-nam-2026-co-gi-dac-biet-185260904142829476.htm","Lễ giỗ lần thứ 234 của Hoàng đế Quang Trung Nguyễn Huệ tổ chức ngày 10/9/2026, tức 29 tháng Bảy âm, tại Bảo tàng Quang Trung.",bien-tap,
le-gio-le-thanh-hau-nguyen-huu-canh,Lễ giỗ Lễ Thành hầu Nguyễn Hữu Cảnh,Memorial of Lễ Thành Hầu Nguyễn Hữu Cảnh,lunar,16/5,,khong,tin-nguong,minor,1,0,"2026: 2026-06-30 đến 2026-06-30, chính lễ 2026-06-30, https://www.sggp.org.vn/dong-nai-to-chuc-le-gio-le-thanh-hau-nguyen-huu-canh-post859939.html","Lễ giỗ danh tướng Nguyễn Hữu Cảnh (1650 tới 1700), người được chúa Nguyễn Phúc Chu cử vào kinh lược phương Nam năm 1698, lập làng và dựng bộ máy hành chính cho vùng Đồng Nai, Gia Định. Lễ theo điển lệ cúng đình truyền thống ngày 15 và 16 tháng Năm âm lịch. Di sản văn hóa phi vật thể quốc gia năm 2025.",bien-tap,
le-gio-ta-quan-le-van-duyet,Lễ giỗ Tả quân Lê Văn Duyệt,Death Anniversary of Tả quân Lê Văn Duyệt,lunar,1/8,,khong,tin-nguong,minor,1,1,,"Lễ giỗ ở lăng Ông Bà Chiểu, nơi yên nghỉ của Tả quân Lê Văn Duyệt, hai lần làm Tổng trấn Gia Định. Lễ kéo dài ba ngày từ 30 tháng Bảy tới mùng 2 tháng Tám âm lịch, có dâng rượu trầu, phát quà, hát bội.",bien-tap,
le-gio-uy-vien-tuong-cong-nguyen-cong-tru,Lễ giỗ Uy Viễn tướng công Nguyễn Công Trứ,Death Anniversary of Nguyen Cong Tru,lunar,14/11,,khong,tin-nguong,minor,0,0,,Nguyễn Công Trứ mất ngày 14 tháng Mười một năm Mậu Ngọ (1858) tại quê Uy Viễn; lễ giỗ tổ chức hằng năm vào ngày này tại nhà thờ ông.,bien-tap,
le-ha-nguon-va-ky-niem-ngay-khai-dao-cao-dai,Lễ Hạ Ngươn và kỷ niệm ngày Khai Đạo Cao Đài,Cao Đài Hạ Ngươn Festival and Founding Day,lunar,15/10,,khong,tin-nguong,minor,0,0,,"Rằm tháng Mười âm lịch, Hội Thánh Cao Đài Tòa Thánh Tây Ninh làm lễ Hạ Ngươn gắn với kỷ niệm ngày Khai Đạo: lễ khai minh Đại Đạo Tam Kỳ Phổ Độ diễn ra ngày 15 tháng 10 năm Bính Dần (19/11/1926) tại Thánh thất Từ Lâm Tự (Gò Kén, Tây Ninh). Tín đồ từ nhiều tỉnh về Tòa Thánh dự lễ, và lãnh đạo địa phương thường đến chúc mừng Hội Thánh nhân dịp này.",bien-tap,
le-hoi-anh-sang-bien-cuong-lan-thu-nhat,Lễ hội Ánh sáng biên cương lần thứ nhất,Border Light Festival (Lang Son),theo-nam,,,khong,tin-nguong,minor,0,0,"2026: 2026-09-19 đến 2026-09-20, chính lễ 2026-09-19, https://congluan.vn/lang-son-lan-dau-to-chuc-le-hoi-anh-sang-bien-cuong-trong-2-ngay-19-209-post360568.html","Lễ hội đèn dịp Trung thu lần đầu tổ chức ở Lạng Sơn, có diễu hành 8 mô hình đèn lớn và 14 mô hình của các xã phường, trong đó có mô hình đàn tính của người Tày, Nùng.",bien-tap,
le-hoi-ao-dai-thanh-pho-ho-chi-minh,Lễ hội Áo dài Thành phố Hồ Chí Minh,Hồ Chí Minh City Áo Dài Festival,theo-nam,,,khong,khac,minor,0,0,"2026: 2026-03-01 đến 2026-03-31, chính lễ 2026-03-01, https://thanhnien.vn/khai-mac-le-hoi-ao-dai-tphcm-2026-soi-to-vang-son-det-khat-vong-thanh-pho-185260307091540592.htm","Lễ hội tôn vinh áo dài do Sở Du lịch và Hội Liên hiệp Phụ nữ TP.HCM tổ chức suốt tháng Ba, gắn với Ngày Quốc tế Phụ nữ. Có đêm khai mạc trên phố đi bộ Nguyễn Huệ, đồng diễn và diễu hành áo dài cùng chuỗi hoạt động ở di tích, ga metro và khách sạn.",bien-tap,
le-hoi-ba-chua-kho,Lễ hội Đền Bà Chúa Kho,Bà Chúa Kho Temple Festival,lunar,14/1,,khong,tin-nguong,major,0,0,,"Lễ hội Đền Bà Chúa Kho diễn ra vào ngày 14 tháng Giêng tại Cổ Mễ, TP Bắc Ninh, tưởng nhớ Bà Chúa Kho, người có công giữ kho lương cho quân đội thời Lý và hy sinh trên chiến tuyến Như Nguyệt. Đây là điểm cầu tài lộc nổi tiếng đầu năm.",bien-tap,
le-hoi-ba-thu-bon,Lễ hội Bà Thu Bồn,Bà Thu Bồn Festival,lunar,12/2,,khong,tin-nguong,minor,2,0,,"Các làng ven sông Thu Bồn cùng mở hội từ 10 tới 12 tháng Hai, lớn nhất ở làng Thu Bồn nơi có Dinh Bà. Có lễ rước sắc, rước nước, đua thuyền, cầu mùa màng và quốc thái dân an. Di sản văn hóa phi vật thể quốc gia.",bien-tap,
le-hoi-bach-dang,Lễ hội Bạch Đằng,Bạch Đằng Festival,lunar,8/3,,khong,tin-nguong,minor,2,0,,"Lễ hội từ mùng 6 tới mùng 8 tháng Ba, ngày giỗ trận Bạch Đằng, tưởng nhớ các anh hùng trên sông Bạch Đằng năm 938 và 1288. Tế chính hội ở đền Trần Hưng Đạo, cùng lễ rước qua miếu Vua Bà, đình Yên Giang. Di sản văn hóa phi vật thể quốc gia.",bien-tap,
le-hoi-cau-ngu-man-mua-o-van-thuy-tu,Lễ hội Cầu ngư mãn mùa ở Vạn Thủy Tú,End-of-Season Whale Worship Festival at Van Thuy Tu,lunar,23/8,,khong,tin-nguong,minor,0,0,,"Vạn Thủy Tú có ba kỳ cầu ngư mỗi năm: đầu mùa 20/4, chính mùa 19-22/6 và mãn mùa 23/8 âm lịch; dinh lưu giữ hơn 100 bộ xương cá Ông.",bien-tap,
le-hoi-cho-tinh-khau-vai,Lễ hội Chợ tình Khâu Vai,Khâu Vai Love Market Festival,lunar,27/3,,khong,khac,major,1,0,"2026: 2026-05-12 đến 2026-05-13, chính lễ 2026-05-12, https://dantocphattrien.vietnamnet.vn/le-hoi-cho-tinh-khau-vai-nam-2026-se-duoc-to-chuc-vao-trung-tuan-thang-5-74615.html","Phiên chợ hình thành từ năm 1919, mỗi năm chỉ họp một lần vào ngày 27 tháng Ba âm lịch, gắn với truyện tình chàng Ba người Nùng và nàng Út người Giáy. Người vùng cao về đây gặp lại bạn cũ, hát giao duyên và viếng miếu.",bien-tap,
le-hoi-choi-trau-do-son,Lễ hội Chọi trâu Đồ Sơn,Đồ Sơn Buffalo Fighting Festival,lunar,9/8,,khong,tin-nguong,minor,0,0,"2026: 2026-09-19 đến 2026-09-19, chính lễ 2026-09-19, https://vtv.vn/truc-tiep-chung-ket-le-hoi-choi-trau-do-son-vtv-2026-100260919081845702.htm","Lễ hội truyền thống của ngư dân vùng biển Đồ Sơn, chung kết diễn ra vào ngày 9 tháng 8 âm lịch với các trận đấu trâu, sau đó trâu thắng được dùng làm vật hiến tế cầu mùa; là Di sản văn hóa phi vật thể quốc gia.",bien-tap,
le-hoi-chu-dong-tu-tien-dung,"Lễ hội Chử Đồng Tử, Tiên Dung",Chử Đồng Tử and Tiên Dung Festival,lunar,10/2,,khong,tin-nguong,minor,0,2,,"Lễ hội đền Đa Hòa, Dạ Trạch thờ Chử Đồng Tử và công chúa Tiên Dung, diễn ra 10 tới 12 tháng Hai âm lịch. Hội lớn đủ chín làng ba năm mới tổ chức một lần.",bien-tap,
le-hoi-chua-ba-thien-hau-thu-dau-mot,Lễ hội chùa Bà Thiên Hậu Thủ Dầu Một,"Thiên Hậu Temple Festival, Thủ Dầu Một",lunar,15/1,,khong,tin-nguong,major,1,0,,Lễ hội Rằm tháng Giêng ở miếu Bà Thiên Hậu do bốn bang Hoa lập hơn trăm năm trước là một trong những lễ hội tín ngưỡng lớn nhất Nam Bộ. Điểm nhấn là lễ rước kiệu Bà qua phố với hàng chục đoàn lân sư rồng và xe hoa.,bien-tap,
le-hoi-chua-co-le,Lễ hội chùa Cổ Lễ,Cổ Lễ Pagoda Festival,lunar,14/9,,khong,tin-nguong,minor,1,2,,"Lễ hội ở chùa Cổ Lễ (Thần Quang tự) diễn ra từ 13 đến 16 tháng Chín âm lịch, chính hội ngày 14 là ngày hóa của Đức Thánh Tổ Nguyễn Minh Không, vị thiền sư được thờ tại chùa. Phần lễ có rước Phật, rước Thánh Tổ; phần hội nổi tiếng nhất là thi bơi chải của các dòng họ trong làng trên sông, bên cạnh hát chèo, hát văn, đấu vật. Lễ hội có tên trong Danh mục di sản văn hóa phi vật thể quốc gia từ năm 2023.",bien-tap,
le-hoi-chua-dau,Lễ hội chùa Dâu,Chùa Dâu Festival,lunar,8/4,,khong,tin-nguong,minor,0,0,,"Hội chùa Dâu mùng 8 tháng Tư do 12 làng của hương Dâu, Luy Lâu cũ tổ chức ở ngôi chùa được xem là cổ nhất Việt Nam. Linh hồn của hội là rước Phật Tứ Pháp từ các chùa làng về chùa Dâu, với tục mẹ đuổi con.",bien-tap,
le-hoi-chua-huong,Lễ hội Chùa Hương,Perfume Pagoda Festival,lunar,6/1,,khong,tin-nguong,major,0,0,,"Lễ hội Chùa Hương là lễ hội hành hương lớn nhất miền Bắc, khai hội vào ngày mùng 6 tháng Giêng tại sân chùa Thiên Trù và kéo dài đến hết tháng 3 âm lịch.",bien-tap,
le-hoi-chua-keo-hanh-thien,Lễ hội chùa Keo Hành Thiện,Keo Hanh Thien Pagoda Festival,lunar,10/9,,khong,tin-nguong,minor,0,6,,"Hội thờ Thiền sư Dương Không Lộ, có bơi chải đứng ngày 12 và 15 tháng 9 âm lịch cùng các trò đếm tôm, bắt vịt, cờ người; khác với hội chùa Keo ở Thái Bình cũ.",bien-tap,
le-hoi-chua-keo-mua-thu,Lễ hội chùa Keo mùa Thu,Keo Pagoda Autumn Festival,lunar,15/9,,khong,tin-nguong,minor,5,0,"2026: 2026-10-19 đến 2026-10-24, chính lễ 2026-10-24, https://www.vietnamplus.vn/ron-rang-le-hoi-chua-keo-mua-thu-nam-2026-post1137736.vnp","Hội mùa Thu chùa Keo tưởng niệm Thiền sư Dương Không Lộ, diễn ra 10 tới 15 tháng Chín âm lịch với rước kiệu và thi bơi chải trên sông.",bien-tap,
le-hoi-chua-ong-cu-lao-pho,Lễ hội chùa Ông cù lao Phố,"Chùa Ông Festival, Cù lao Phố",lunar,10/1,,khong,tin-nguong,minor,0,3,,"Lễ hội tại Thất Phủ cổ miếu, ngôi chùa thờ Quan Thánh Đế Quân dựng năm 1684 bên sông Đồng Nai. Điểm nhấn là lễ Nghinh thần quanh chợ Biên Hòa, cùng đờn ca tài tử, lân sư rồng, thư pháp Việt Hoa. Di sản văn hóa phi vật thể quốc gia năm 2023.",bien-tap,
le-hoi-chua-thay,Lễ hội chùa Thầy,Chùa Thầy Festival,lunar,7/3,,khong,tin-nguong,minor,2,0,,"Lễ hội tiêu biểu của xứ Đoài, tưởng nhớ thiền sư Từ Đạo Hạnh thời Lý, người được xem là ông tổ múa rối nước. Chính hội mùng 5 tới mùng 7 tháng Ba, có múa rối nước ở thủy đình và nhiều trò chơi dân gian.",bien-tap,
le-hoi-co-loa,Lễ hội Cổ Loa,Cổ Loa Festival,lunar,6/1,,khong,tin-nguong,minor,0,0,,"Lễ hội Cổ Loa được tổ chức vào ngày mùng 6 tháng Giêng tại khu di tích Cổ Loa, tưởng nhớ vua An Dương Vương, người lập nên nhà nước Âu Lạc và xây thành Cổ Loa.",bien-tap,
le-hoi-con-son-kiep-bac-mua-thu,"Lễ hội Côn Sơn, Kiếp Bạc mùa Thu",Côn Sơn and Kiếp Bạc Autumn Festival,lunar,20/8,,khong,tin-nguong,major,0,0,"2026: 2026-09-26 đến 2026-10-04, chính lễ 2026-09-30, https://baophapluat.vn/le-hoi-con-son-kiep-bac-mua-thu-2026-mua-hoi-dau-tien-trong-khong-gian-di-san-the-gioi.html","Mùa hội Thu của khu di tích Côn Sơn, Kiếp Bạc, lấy ngày giỗ Đức Thánh Trần Hưng Đạo 20 tháng Tám âm lịch làm chính hội. Khu di tích thuộc quần thể Yên Tử, Vĩnh Nghiêm, Côn Sơn, Kiếp Bạc, được UNESCO ghi danh Di sản thế giới năm 2025.",bien-tap,
le-hoi-con-son-kiep-bac-mua-xuan,"Lễ hội Côn Sơn, Kiếp Bạc mùa Xuân",Côn Sơn and Kiếp Bạc Spring Festival,lunar,18/1,,khong,tin-nguong,minor,8,5,,"Hội mùa xuân ở khu di tích Côn Sơn, Kiếp Bạc gồm lễ tế ở đền Nguyễn Trãi, đền thờ Trần Nguyên Đán và lễ giỗ Đệ Tam Tổ Trúc Lâm Huyền Quang ngày 18 tháng Giêng. Khác hội mùa thu tháng Tám giỗ Đức Thánh Trần.",bien-tap,
le-hoi-cung-bien-my-long,Lễ hội Cúng biển Mỹ Long,Mỹ Long Sea Worship Festival,lunar,10/5,,khong,tin-nguong,minor,0,2,"2026: 2026-06-20 đến 2026-06-26, chính lễ 2026-06-20, https://nhandan.vn/ron-rang-le-hoi-cung-bien-my-long-post971791.html","Lễ hội của ngư dân Mỹ Long cúng thần Nam Hải, cầu quốc thái dân an, mưa thuận gió hòa và mùa cá bội thu, tổ chức ngày 10 tới 12 tháng Năm âm lịch. Lễ cúng Thần Biển làm trang nghiêm trên bãi biển. Di sản văn hóa phi vật thể quốc gia năm 2013.",bien-tap,
le-hoi-den-an-xa,Lễ hội đền An Xá,An Xá Temple Festival,lunar,6/4,,khong,tin-nguong,minor,5,6,"2026: 2026-05-22 đến 2026-05-22, chính lễ 2026-05-22, https://baohungyen.vn/khai-mac-le-hoi-truyen-thong-den-an-xa-3195363.html","Lễ hội ở đền An Xá, tức đền Đậu An, thờ Ngọc Hoàng Thượng Đế, Ngũ Lão Tiên Ông cùng các vị tiên có công lập làng. Hội mở từ mùng 1 tới 12 tháng Tư âm lịch, chính hội ngày 6 tới 8. Đền là di tích quốc gia đặc biệt, lễ hội là di sản văn hóa phi vật thể quốc gia năm 2023.",bien-tap,
le-hoi-den-ba-trieu,Lễ hội đền Bà Triệu,Bà Triệu Temple Festival,lunar,22/2,,khong,tin-nguong,minor,1,1,,"Lễ hội tưởng nhớ nữ anh hùng Triệu Thị Trinh, chính hội ngày 22 tháng Hai âm lịch là ngày giỗ Bà. Các nguồn ghi khoảng ngày hội khác nhau giữa các năm, thường 21 tới 23 tháng Hai.",bien-tap,
le-hoi-den-bao-ha,Lễ hội đền Bảo Hà,Đền Bảo Hà Festival,lunar,17/7,,khong,tin-nguong,minor,0,0,,"Lễ hội ngày 17 tháng Bảy âm lịch tưởng nhớ danh tướng Hoàng Bảy, người đánh giặc giữ vùng biên cuối thời Hậu Lê, được triều Nguyễn phong Thần vệ quốc. Dân gian quen gọi là đền Ông Hoàng Bảy. Di sản văn hóa phi vật thể quốc gia năm 2016.",bien-tap,
le-hoi-den-cho-cui,Lễ hội đền Chợ Củi,Cho Cui Temple Festival,lunar,3/10,,khong,tin-nguong,minor,0,7,,"Lễ hội ở đền thờ Quan Hoàng Mười bên bờ sông Lam, theo lệ diễn ra từ mùng 3 đến mùng 10 tháng Mười âm, chính giỗ ngày 10; năm 2025 tổ chức 22-29/11 dương lịch.",bien-tap,
le-hoi-den-con,Lễ hội đền Cờn,Đền Cờn Festival,lunar,20/1,,khong,tin-nguong,minor,1,1,,"Lễ hội lớn bậc nhất xứ Nghệ, mang đậm văn hóa biển, ở ngôi đền bên sông Mai Giang. Có lễ rước kiệu, chạy ói, cầu ngư, đại tế, cùng đua thuyền, cờ thẻ, kéo co. Di sản văn hóa phi vật thể quốc gia.",bien-tap,
le-hoi-den-cong-dong-bac-le,Lễ hội đền Công Đồng Bắc Lệ,Bac Le Temple Festival,lunar,18/9,,khong,tin-nguong,minor,0,2,,"Lễ hội ở ngôi đền thờ Mẫu Thượng Ngàn nổi tiếng xứ Lạng, diễn ra 18 đến 20 tháng 9 âm lịch với lễ tắm ngai, lễ chính tiệc Mẫu và lễ rước.",bien-tap,
le-hoi-den-cua-ong,Lễ hội đền Cửa Ông,Đền Cửa Ông Festival,lunar,3/2,,khong,tin-nguong,minor,0,1,,"Lễ hội tưởng nhớ Hưng Nhượng Vương Trần Quốc Tảng, con trai Hưng Đạo Đại vương, người trấn giữ vùng biên Đông Bắc. Đền gồm đền Hạ, đền Trung, đền Thượng trên sườn đồi nhìn ra vịnh Bái Tử Long. Di sản văn hóa phi vật thể quốc gia năm 2016.",bien-tap,
le-hoi-den-cuong,Lễ hội đền Cuông,Đền Cuông Festival,lunar,15/2,,khong,tin-nguong,minor,3,1,,"Lễ hội ở đền Cuông trên núi Mộ Dạ tưởng nhớ Thục An Dương Vương. Sáng 15 tháng Hai rước kiệu Vua, kiệu công chúa Mỵ Châu và kiệu tướng Cao Lỗ từ nhà thờ họ Cao và đền Xuân Ái về đền.",bien-tap,
le-hoi-den-do,Lễ hội đền Đô,Đô Temple Festival,lunar,15/3,,khong,tin-nguong,minor,1,1,,"Lễ hội đền thờ tám vị vua triều Lý, diễn ra 14 tới 16 tháng Ba âm lịch, chính hội ngày 15 kỷ niệm Lý Công Uẩn lên ngôi.",bien-tap,
le-hoi-den-dong-bang,Lễ hội đền Đồng Bằng,Đồng Bằng Temple Festival,lunar,20/8,,khong,tin-nguong,minor,0,6,,"Hội tứ phủ lớn ở đền Đồng Bằng, thờ Vua Cha Bát Hải Động Đình cùng Hưng Đạo Đại Vương và các tướng nhà Trần, mở ngày 20 tới 26 tháng Tám âm lịch. Có rước kiệu, hát văn hầu đồng, tế lễ, cùng bơi trải, vật, kéo co, cờ tướng. Di sản văn hóa phi vật thể quốc gia năm 2016.",bien-tap,
le-hoi-den-hai-ba-trung-me-linh,Lễ hội đền Hai Bà Trưng (Mê Linh),Hai Bà Trưng Temple Festival (Mê Linh),lunar,6/1,,khong,tin-nguong,minor,0,2,,"Lễ hội tưởng nhớ Hai Bà Trưng tại quê nhà Mê Linh, khai hội mùng 6 tháng Giêng và kéo dài tới mùng 8.",bien-tap,
le-hoi-den-hat-mon,Lễ hội đền Hát Môn,Đền Hát Môn Festival,lunar,6/3,,khong,tin-nguong,minor,2,0,,"Mùng 6 tháng Ba là ngày Hai Bà Trưng hóa ở sông Hát, dân Hát Môn mở hội từ mùng 4 tới mùng 6. Nét riêng là tục rước bánh trôi dâng Hai Bà, theo tích Hai Bà ăn bánh trôi trước khi tuẫn tiết. Di sản văn hóa phi vật thể quốc gia năm 2016.",bien-tap,
le-hoi-den-ky-cung-den-ta-phu,"Lễ hội đền Kỳ Cùng, đền Tả Phủ",Kỳ Cùng and Tả Phủ Temples Festival,lunar,22/1,,khong,tin-nguong,minor,0,5,,"Lễ hội lớn nhất xứ Lạng, diễn ra từ 22 tới 27 tháng Giêng. Ngày 22 rước kiệu Quan Tuần Tranh từ đền Kỳ Cùng sang đền Tả Phủ tạ ơn Hán Quận Công Thân Công Tài, ngày 27 rước về. Di sản văn hóa phi vật thể quốc gia năm 2015.",bien-tap,
le-hoi-den-mau-au-co,Lễ hội đền Mẫu Âu Cơ,Mẫu Âu Cơ Temple Festival,lunar,7/1,,khong,tin-nguong,minor,0,0,,"Mùng 7 tháng Giêng là ngày tương truyền Tổ Mẫu Âu Cơ giáng trần, dân Hiền Lương mở hội dâng hương tri ân người mẹ của trăm trứng. Tín ngưỡng thờ Mẫu Âu Cơ là Di sản văn hóa phi vật thể quốc gia từ năm 2017.",bien-tap,
le-hoi-den-ong-hoang-muoi,Lễ hội đền Ông Hoàng Mười,Ong Hoang Muoi Temple Festival,lunar,10/10,,khong,tin-nguong,minor,0,0,,"Ngày 10 tháng Mười âm là ngày hóa của Quan Hoàng Mười; lễ gồm rước sắc phong, yết cáo, đại tế, nghi lễ hầu đồng và các trò chơi dân gian.",bien-tap,
le-hoi-den-tho-le-lai,Lễ hội đền thờ Lê Lai,Le Lai Temple Festival,lunar,21/8,,khong,tin-nguong,minor,0,0,,"Lễ hội diễn ra ngày 21 tháng Tám âm (ngày trước lễ Lam Kinh 22/8, theo câu ""hai mốt Lê Lai, hai hai Lê Lợi"") và mùng 8 tháng Giêng, có tế lễ, rước kiệu, hát chầu văn, múa kiếm.",bien-tap,
le-hoi-den-thuong-lao-cai,Lễ hội đền Thượng Lào Cai,"Đền Thượng Festival, Lào Cai",lunar,15/1,,khong,tin-nguong,minor,0,0,,Lễ hội Rằm tháng Giêng ở đền Thượng nơi cửa khẩu Lào Cai tưởng nhớ Hưng Đạo Đại vương Trần Quốc Tuấn. Có lễ rước kiệu lên đền và dâng hương cầu quốc thái dân an. Di sản văn hóa phi vật thể quốc gia năm 2016.,bien-tap,
le-hoi-den-tran-thai-binh,Lễ hội đền Trần Thái Bình,Trần Temple Festival (Thái Bình),lunar,13/1,,khong,tin-nguong,minor,0,4,,"Lễ hội ở khu lăng mộ và đền thờ các vua triều Trần tại Tiến Đức, quê gốc nhà Trần, tưởng nhớ các vua Trần. Có lễ bái yết, rước nước, khai ấn. Di sản văn hóa phi vật thể quốc gia năm 2014; khác lễ khai ấn đền Trần Nam Định.",bien-tap,
le-hoi-den-tranh,Lễ hội đền Tranh,Tranh Temple Festival,lunar,25/5,,khong,tin-nguong,minor,0,0,,"Lễ hội ở đền Tranh thờ Quan Lớn Tuần Tranh, một vị quan trong tín ngưỡng thờ Mẫu Tam phủ. Cả tháng Năm âm lịch là tháng tiệc với hát chầu văn, chính tiệc ngày 25 là ngày mất tương truyền của Quan Lớn. Di sản văn hóa phi vật thể quốc gia năm 2022.",bien-tap,
le-hoi-dien-hue-nam,Lễ hội điện Huệ Nam,Điện Huệ Nam Festival,lunar,2/3,,khong,tin-nguong,minor,0,1,,"Lễ hội thờ Thánh Mẫu Thiên Y A Na ở điện Hòn Chén trên núi Ngọc Trản bên sông Hương, mở hai kỳ: xuân kỳ tháng Ba và thu tế tháng Bảy âm lịch. Có lễ cung nghinh Mẫu, rước thuyền trên sông Hương và lễ chánh tế. Di sản văn hóa phi vật thể quốc gia năm 2024.",bien-tap,
le-hoi-dinh-cau,Lễ hội Dinh Cậu,Dinh Cau Shrine Festival (Phu Quoc),lunar,15/10,,khong,tin-nguong,minor,0,1,,"Lễ thờ Chúa Ngọc Nương Nương, Cậu Tài, Cậu Quý, gồm lễ Nghinh Cậu, Yết Cậu và Chánh tế đêm rằm tháng 10, cầu cho ngư dân đảo Phú Quốc đi biển bình an.",bien-tap,
le-hoi-dinh-chem,Lễ hội đình Chèm,Đình Chèm Festival,lunar,15/5,,khong,tin-nguong,minor,1,1,,"Hội làng Chèm giữa tháng Năm âm lịch tưởng nhớ Đức Thánh Chèm Lý Ông Trọng và phu nhân Bạch Tĩnh Cung. Nghi lễ đặc sắc nhất là rước nước bằng thuyền rồng ra giữa sông Hồng, cùng lễ mộc dục, phóng sinh, thi bắt vịt. Di sản văn hóa phi vật thể quốc gia năm 2016.",bien-tap,
le-hoi-dinh-co-long-hai,Lễ hội Dinh Cô Long Hải,"Dinh Cô Festival, Long Hải",lunar,10/2,,khong,tin-nguong,minor,0,2,,"Lễ hội của ngư dân vùng biển Long Hải tưởng nhớ Bà Cô, diễn ra 10 tới 12 tháng Hai âm lịch.",bien-tap,
le-hoi-dinh-than-nguyen-trung-truc-rach-gia,Lễ hội đình thần Nguyễn Trung Trực (Rạch Giá),Nguyen Trung Truc Temple Festival (Rach Gia),lunar,26/8,,khong,tin-nguong,minor,0,2,"2026: 2026-10-06 đến 2026-10-08, chính lễ 2026-10-06, https://www.angiang.dcs.vn/nhieu-hoat-dong-ky-niem-158-nam-anh-hung-dan-toc-nguyen-trung-truc-hy-sinh-1868-2026","Lễ tưởng niệm Nguyễn Trung Trực bị thực dân Pháp xử chém năm 1868 tại Rạch Giá, hằng năm thu hút khoảng một triệu lượt khách; năm 2026 kỷ niệm 158 năm.",bien-tap,
le-hoi-dinh-thay-thim,Lễ hội Dinh Thầy Thím,Thay Thim Temple Festival,lunar,14/9,,khong,tin-nguong,minor,0,2,,"Lễ giỗ chính của Dinh Thầy Thím kéo dài ba ngày với các nghi thức Nghinh Thần, Nhập điện an vị, Dâng cộ bánh, Chánh tế; ngoài ra còn lễ Tảo mộ mùng 5 tháng Giêng.",bien-tap,
le-hoi-dinh-tra-co,Lễ hội đình Trà Cổ,Đình Trà Cổ Festival,lunar,1/6,,khong,tin-nguong,minor,1,2,,"Lễ hội ở ngôi đình cổ nơi địa đầu Móng Cái, dựng từ năm 1461, diễn ra từ 30 tháng Năm tới mùng 3 tháng Sáu âm lịch. Nét riêng là lễ rước Ông Voi chầu thần. Di sản văn hóa phi vật thể quốc gia.",bien-tap,
le-hoi-dong-da-tay-son,"Lễ hội Đống Đa, Tây Sơn",Đống Đa Festival in Tây Sơn,lunar,5/1,,khong,tin-nguong,major,1,0,,"Người đất Tây Sơn mừng chiến thắng Ngọc Hồi, Đống Đa tại Bảo tàng Quang Trung, quê hương ba anh em nhà Tây Sơn, vào chiều mùng 4 và ngày mùng 5 Tết. Có võ cổ truyền Bình Định, trống trận Tây Sơn, đua thuyền, hát bội và tái hiện trận đánh có voi chiến.",bien-tap,
le-hoi-du-lich-bien-sam-son,Lễ hội Du lịch biển Sầm Sơn,Sầm Sơn Beach Tourism Festival,theo-nam,,,khong,khac,minor,0,0,"2026: 2026-04-25 đến 2026-04-25, chính lễ 2026-04-25, https://vnexpress.net/hon-10-000-du-khach-du-le-hoi-du-lich-bien-sam-son-2026-5067553.html","Lễ khai hội mùa du lịch biển của Thanh Hóa, do tỉnh phối hợp với doanh nghiệp tổ chức ở quảng trường biển Sầm Sơn cuối tháng Tư. Chương trình nghệ thuật khai mạc kể lại hành trình của vùng biển Sầm Sơn và kết thúc bằng pháo hoa.",bien-tap,
le-hoi-dua-boi-thuyen-truyen-thong-tren-song-kien-giang,"Lễ hội đua, bơi thuyền truyền thống trên sông Kiến Giang",Kien Giang River Traditional Boat Race Festival,solar,,2/9,khong,tin-nguong,minor,0,0,"2026: 2026-09-02 đến 2026-09-02, chính lễ 2026-09-02, https://nhandan.vn/anh-song-kien-giang-ron-rang-song-nuoc-dua-boi-thuyen-truyen-thong-mung-tet-doc-lap-post985930.html","Hội đua thuyền mừng Tết Độc lập 2/9 trên quê hương Đại tướng Võ Nguyên Giáp; năm 2026 có hơn 1.000 vận động viên, lần đầu do xã Lệ Thủy chủ trì.",bien-tap,
le-hoi-go-dong-da,Lễ hội Gò Đống Đa,Gò Đống Đa Festival,lunar,5/1,,khong,tin-nguong,major,0,1,,"Lễ hội kỷ niệm chiến thắng Ngọc Hồi, Đống Đa, tưởng nhớ Hoàng đế Quang Trung và quân Tây Sơn đại phá quân Thanh mùa xuân Kỷ Dậu 1789. Có tế lễ, rước, dâng hương, biểu diễn võ thuật và cờ người tại di tích quốc gia đặc biệt Gò Đống Đa.",bien-tap,
le-hoi-gom-cham-bau-truc,Lễ hội Gốm Chăm Bàu Trúc,1st Bau Truc Cham Pottery Festival,theo-nam,,,khong,tin-nguong,minor,0,0,"2026: 2026-10-10 đến 2026-10-12, chính lễ 2026-10-10, http://vov.vn/van-hoa/le-hoi-kate-nam-2026-lan-toa-nghe-thuat-lam-gom-cua-nguoi-cham-post1334451.vov","Lễ hội lần đầu tổ chức, quy mô cấp xã mở rộng, gắn với Lễ hội Katê 2026, tôn vinh nghệ thuật làm gốm của người Chăm ở làng Bàu Trúc.",bien-tap,
le-hoi-hoa-ban,Lễ hội Hoa Ban,Hoa Ban Festival,theo-nam,,,khong,khac,minor,0,0,"2026: 2026-03-06 đến 2026-03-12, chính lễ 2026-03-06, https://www.vietnamplus.vn/khai-mac-le-hoi-hoa-ban-tinh-dien-bien-nam-2026-post1097650.vnp","Lễ hội mùa hoa ban của tỉnh Điện Biên, nằm trong Tuần Văn hóa - Du lịch Điện Biên vào tháng Ba dương lịch. Có carnaval đường phố, liên hoan dân ca, dân vũ, trình diễn thực cảnh và các giải thể thao truyền thống như đẩy xe đạp thồ, tải đạn, kéo pháo.",bien-tap,
le-hoi-hoa-dao-xu-lang,Lễ hội Hoa Đào xứ Lạng,Xứ Lạng Peach Blossom Festival,theo-nam,,,khong,khac,minor,0,0,"2026: 2026-01-01 đến 2026-03-16, chính lễ 2026-01-01, https://nhandan.vn/khai-mac-le-hoi-hoa-dao-xu-lang-nam-2026-post941924.html","Lễ hội mùa đào của Lạng Sơn, gồm con đường hoa xuân, triển lãm hoa đào, giao lưu văn hóa, nghệ thuật và thể thao trong dịp Tết. Đêm khai mạc có bắn pháo hoa tầm cao ở khu vực cầu Đông Kinh.",bien-tap,
le-hoi-hoa-phuong-do,Lễ hội Hoa Phượng Đỏ,Red Flamboyant Festival,theo-nam,,,khong,khac,minor,0,0,"2026: 2026-05-08 đến 2026-05-08, chính lễ 2026-05-08, https://www.sggp.org.vn/hai-phong-khai-mac-le-hoi-hoa-phuong-do-nam-2026-post851599.html","Lễ hội của thành phố Hải Phòng vào mùa hoa phượng, gắn với kỷ niệm Ngày Giải phóng Hải Phòng 13/5/1955, khởi nguồn từ năm 2012. Có chương trình nghệ thuật, bắn pháo hoa và nhiều hoạt động văn hóa, thể thao khắp thành phố.",bien-tap,
le-hoi-hoa-tam-giac-mach,Lễ hội hoa Tam giác mạch,Buckwheat Flower Festival (Dong Van Karst Plateau),theo-nam,,,khong,khac,minor,0,0,"2026: 2026-11-06 đến 2026-11-06, chính lễ 2026-11-06, https://www.vietnamplus.vn/tuyen-quang-le-hoi-hoa-tam-giac-mach-2026-se-khai-mac-ngay-611-tai-dong-van-post1128128.vnp","Lễ hội lần thứ XII, chủ đề ""Âm vang miền đá"", tổ chức giữa mùa hoa tam giác mạch trên cao nguyên đá Đồng Văn. Kèm hội chợ thương mại quốc tế Việt Trung 5 đến 11/11 và không gian sản phẩm OCOP.",bien-tap,
le-hoi-kate,Lễ hội Katê,Katê Festival,theo-nam,,,khong,tin-nguong,minor,0,0,"2025: 2025-10-20 đến 2025-10-22, chính lễ 2025-10-21, https://nhandan.vn/khanh-hoa-tung-bung-vui-don-le-hoi-kate-nam-2025-post916892.html; 2026: 2026-10-05 đến 2026-10-12, chính lễ 2026-10-10, http://vov.vn/van-hoa/le-hoi-kate-nam-2026-lan-toa-nghe-thuat-lam-gom-cua-nguoi-cham-post1334451.vov","Katê là lễ hội lớn nhất năm của người Chăm Bàlamôn, tổ chức đầu tháng Bảy theo lịch Chăm để tưởng nhớ tổ tiên, thần linh và các vị vua Chăm. Lịch Chăm khác âm lịch Việt nên ngày dương đổi theo năm: năm 2025 chính lễ ngày 21/10, năm 2026 ngày 10/10.",bien-tap,
le-hoi-ky-yen-thoai-ngoc-hau,Lễ hội Kỳ Yên đình Thoại Ngọc Hầu,Kỳ Yên Festival at Thoại Ngọc Hầu Communal House,lunar,10/3,,khong,tin-nguong,minor,0,2,,"Lễ hội cầu an tưởng nhớ Thoại Ngọc Hầu, người khai phá vùng Thoại Sơn, diễn ra 10 tới 12 tháng Ba âm lịch.",bien-tap,
le-hoi-lam-chay,Lễ hội Làm Chay,Làm Chay Festival,lunar,16/1,,khong,tin-nguong,minor,2,0,,"Lễ hội ở đình Tân Xuân, Tầm Vu, bắt nguồn từ việc dân làng mượn lễ trừ tà đuổi sâu bệnh để cúng hai nghĩa sĩ Đỗ Tường Tự, Đỗ Tường Phong bị thực dân Pháp xử tử và cấm tang. Có rước Tiêu Diện Đại Sĩ, hát bội, bắt vịt, đập nồi. Di sản văn hóa phi vật thể quốc gia năm 2015.",bien-tap,
le-hoi-lam-kinh,Lễ hội Lam Kinh,Lam Kinh Festival,lunar,22/8,,khong,tin-nguong,minor,1,1,"2026: 2026-10-01 đến 2026-10-03, chính lễ 2026-10-02, https://tuoitre.vn/mien-phi-tham-quan-di-tich-quoc-gia-dac-biet-lam-kinh-dip-le-hoi-lam-kinh-nam-2026-100260914123241252.htm","Lễ hội tưởng niệm vua Lê Thái Tổ (Lê Lợi) và các công thần khởi nghĩa Lam Sơn, diễn ra 21 tới 23 tháng Tám âm lịch, chính lễ ngày 22 là ngày giỗ vua.",bien-tap,
le-hoi-lang-keo-gia-lam,Lễ hội làng Keo Gia Lâm,Keo Village Festival (Gia Lâm),lunar,6/4,,khong,tin-nguong,minor,0,2,"2026: 2026-05-22 đến 2026-05-24, chính lễ 2026-05-22, https://vov.vn/van-hoa/doc-dao-nghi-thuc-phong-ao-phat-tai-le-hoi-lang-keo-ha-noi-post1294088.vov","Lễ hội làng Keo ở ngoại thành Hà Nội thờ hai vị Thành hoàng là tướng quân Đào Phúc và công chúa Tiên Anh, diễn ra từ mùng 6 tới mùng 8 tháng Tư âm lịch. Nghi thức riêng là thắng kiệu, ""Thần đi đón Phật"" và ""Phong áo Phật""; năm không phải hội lớn thì chỉ làm Phong áo Phật. Di sản văn hóa phi vật thể quốc gia năm 2024.",bien-tap,
le-hoi-lang-sen,Lễ hội Làng Sen,Làng Sen Festival,theo-nam,,,khong,khac,minor,0,0,"2026: 2026-05-18 đến 2026-05-18, chính lễ 2026-05-18, https://nghean.dcs.vn/vi-vn/tin/khai-mac-le-hoi-lang-sen-nam-2026-voi-chuong-trinh-nghe-thuat-dac-sac/6907-881224-769888","Lễ hội của tỉnh Nghệ An tại quê nội Chủ tịch Hồ Chí Minh, tổ chức dịp kỷ niệm ngày sinh của Người 19/5. Có lễ dâng hoa, dâng hương, rước ảnh Bác, triển lãm và chương trình nghệ thuật khai mạc.",bien-tap,
le-hoi-long-tong-ba-be,Lễ hội Lồng Tồng Ba Bể,Lồng Tồng Festival of Ba Bể,lunar,10/1,,khong,tin-nguong,minor,0,0,,"Lễ hội xuống đồng của người Tày quanh hồ Ba Bể, cầu mưa thuận gió hòa, mùa màng tươi tốt. Hằng năm tổ chức mùng 10 tháng Giêng ở bản Bó Lù, xã Nam Mẫu, là Di sản văn hóa phi vật thể quốc gia từ năm 2014.",bien-tap,
le-hoi-mua-thu-y-ty-y-ty-suc-hut-dai-ngan,"Lễ hội mùa Thu Y Tý ""Y Tý - Sức hút đại ngàn""",Y Ty Autumn Festival,theo-nam,,,khong,tin-nguong,minor,0,0,"2026: 2026-08-22 đến 2026-11-15, chính lễ 2026-09-12, https://www.vietnamplus.vn/lao-cai-to-chuc-le-hoi-mua-thu-nam-2026-voi-chu-de-y-ty-suc-hut-dai-ngan-post1130019.vnp","Lễ hội mùa Thu đầu tiên do xã Y Tý tổ chức, chuỗi hoạt động từ 22/8 đến 15/11/2026: trải nghiệm hái và chế biến chè, trình diễn trang phục dân tộc, chạy ""Mùa vàng Y Tý"", chinh phục đỉnh Lảo Thẩn.",bien-tap,
le-hoi-mua-vang-mu-cang-chai,Lễ hội Mùa vàng Mù Cang Chải,Mu Cang Chai Golden Season Festival,theo-nam,,,khong,tin-nguong,minor,0,0,"2026: 2026-08-30 đến 2026-08-30, chính lễ 2026-08-30, https://www.vietnamplus.vn/le-hoi-mua-vang-o-mu-cang-chai-sac-vang-non-cao-khat-vong-phat-trien-post1133455.vnp","Lễ hội chủ đề ""Sắc vàng non cao, khát vọng phát triển"" trên danh thắng ruộng bậc thang Mù Cang Chải, với thi múa khèn Mông, vẽ sáp ong, giã bánh giầy và giải chạy Mù Cang Chải Ultra Trail. Chuỗi hoạt động kéo dài đến tháng 10.",bien-tap,
le-hoi-nghinh-ong-can-gio,Lễ hội Nghinh Ông Cần Giờ,"Nghinh Ông (Whale-God) Festival, Cần Giờ",lunar,16/8,,khong,tin-nguong,minor,0,0,"2026: 2026-09-19 đến 2026-09-27, chính lễ 2026-09-24, https://nhandan.vn/khai-mac-le-hoi-nghinh-ong-thanh-pho-ho-chi-minh-nam-2026-tai-xa-can-gio-post990891.html","Lễ hội truyền thống của ngư dân Cần Giờ, tổ chức từ 14-16 tháng 8 âm lịch (chính lễ 16/8) để cúng tế cá Ông (thần Nam Hải) và cầu mưa thuận gió hòa, được công nhận Di sản văn hóa phi vật thể quốc gia năm 2013.",bien-tap,
le-hoi-nghinh-ong-lai-son,Lễ hội Nghinh Ông Lại Sơn,Lai Son (Hon Son) Whale Worship Festival,lunar,15/10,,khong,tin-nguong,minor,0,1,,"Lễ nghinh thần Nam Hải của ngư dân Kiên Hải, duy trì từ những năm 1990 trên nền tục thờ cá Ông hơn trăm năm; năm 2025 rơi vào 4 và 5/12.",bien-tap,
le-hoi-nghinh-ong-nam-hai-binh-dai,Lễ hội Nghinh Ông Nam Hải Bình Đại,Bình Đại Nghinh Ông Festival,lunar,15/6,,khong,tin-nguong,minor,0,2,"2026: 2026-07-26 đến 2026-07-30, chính lễ 2026-07-26, https://nhandan.vn/ron-rang-le-hoi-nghinh-ong-nam-hai-o-binh-dai-post978533.html","Lễ hội của ngư dân Bình Đại tạ ơn Ông Nam Hải, vị thần hộ mệnh người đi biển, tổ chức ngày 15 tới 17 tháng Sáu âm lịch. Lễ diễn ra ở Lăng Ông Nam Hải, phố chợ Bình Đại và cảng cá Bình Thắng. Di sản văn hóa phi vật thể quốc gia năm 2016.",bien-tap,
le-hoi-nghinh-ong-quan-thanh-de-quan-phan-thiet,Lễ hội Nghinh Ông Quan Thánh Đế Quân Phan Thiết,Phan Thiet Quan Thanh De Quan Procession Festival,theo-nam,,,khong,tin-nguong,minor,0,0,"2026: 2026-09-04 đến 2026-09-06, chính lễ 2026-09-06, https://baolamdong.vn/dac-sac-le-hoi-nghinh-ong-quan-thanh-de-quan-xuat-du-2026-463459.html","Lễ hội của cộng đồng người Hoa Phan Thiết, hai năm một lần vào các năm chẵn; lần thứ 15 năm 2026 có hơn 1.500 người tham gia đoàn rước.",bien-tap,
le-hoi-nghinh-ong-song-doc,Lễ hội Nghinh Ông Sông Đốc,Sông Đốc Whale Worship Festival,lunar,15/2,,khong,tin-nguong,minor,1,0,,"Lễ hội biển lớn nhất Cà Mau, ngư dân rước Ông Nam Hải (cá voi) vào rằm tháng Hai âm lịch để cầu biển lặng, được mùa cá.",bien-tap,
le-hoi-nghinh-ong-thang-tam,Lễ hội Nghinh Ông Thắng Tam,Thang Tam Whale Worship Festival (Nghinh Ong),lunar,16/8,,khong,tin-nguong,minor,0,2,"2026: 2026-09-26 đến 2026-09-27, chính lễ 2026-09-26, https://thanhnien.vn/le-hoi-nghinh-ong-tphcm-2026-ket-noi-2-vung-bien-can-gio-vung-tau-185260924215020538.htm","Lễ nghinh thần Nam Hải của ngư dân Vũng Tàu; năm 2026 thành phố gộp chung không gian với lễ hội Nghinh Ông Cần Giờ, lễ nghinh trên biển diễn ra ngày 26/9 rồi rước Ông về lăng.",bien-tap,
le-hoi-nhay-lua-cua-nguoi-pa-then,Lễ hội nhảy lửa của người Pà Thẻn,Pa Then Fire Dance Festival,lunar,16/10,,khong,tin-nguong,minor,0,0,,"Nghi lễ do thầy cúng chủ trì ngày 16 tháng 10 âm lịch, kết thúc mùa thu hoạch, trai làng lên đồng rồi nhảy chân trần vào đống than hồng để cầu bản làng no ấm. Người Pà Thẻn ở Lâm Bình cũng tổ chức, mùa lễ kéo tới tháng Giêng.",bien-tap,
le-hoi-nu-tuong-le-chan,Lễ hội Nữ tướng Lê Chân,Female General Lê Chân Festival,lunar,8/2,,khong,tin-nguong,minor,1,1,,"Lễ hội tưởng nhớ nữ tướng Lê Chân, người lập trang An Biên, tiền thân của Hải Phòng, diễn ra 7 tới 9 tháng Hai âm lịch.",bien-tap,
le-hoi-ok-om-bok,Lễ hội Ok Om Bok,Ok Om Bok Festival (Khmer Moon Worship),theo-nam,15/10,,khong,tin-nguong,minor,0,0,"2026: 2026-11-18 đến 2026-11-24, chính lễ 2026-11-24, https://dantri.com.vn/du-lich/vinh-long-sap-mo-hoi-ok-om-bok-dua-ghe-ngo-tren-song-lang-the-20260922102418951.htm","Lễ hội tín ngưỡng lớn của người Khmer Nam Bộ, cúng trăng để tạ ơn thần Mặt Trăng, cầu mưa thuận gió hòa, thường đi kèm hội đua ghe Ngo; là Di sản văn hóa phi vật thể quốc gia. Lễ theo lịch Khmer, thường rơi vào quanh rằm tháng Mười âm lịch.",bien-tap,
le-hoi-phao-hoa-quoc-te-da-nang,Lễ hội Pháo hoa quốc tế Đà Nẵng,Đà Nẵng International Fireworks Festival,theo-nam,,,khong,khac,major,0,0,"2026: 2026-05-30 đến 2026-07-11, chính lễ 2026-05-30, https://tuoitre.vn/le-hoi-phao-hoa-quoc-te-da-nang-2026-co-26-hoat-dong-di-kem-khai-mac-toi-30-5-20260514145827395.htm","Cuộc thi trình diễn pháo hoa giữa các đội trong nước và quốc tế trên sông Hàn, diễn ra qua nhiều đêm thi và một đêm chung kết suốt mùa hè. Đi kèm là hàng chục hoạt động văn hóa, du lịch khắp thành phố Đà Nẵng.",bien-tap,
le-hoi-phet-hien-quan,Lễ hội Phết Hiền Quan,Hiền Quan Phết Festival,lunar,13/1,,khong,tin-nguong,minor,1,0,,"Lễ hội ở Hiền Quan, Tam Nông, tưởng nhớ Thiều Hoa công chúa, nữ tướng thời Hai Bà Trưng, và Mộc Trang Đại vương thời Đinh. Hội diễn ra 12 và 13 tháng Giêng, chính hội ngày 13. Tục cướp phết từng là phần chính, những năm gần đây địa phương đổi cách tổ chức và có năm không tranh phết.",bien-tap,
le-hoi-phu-day,Lễ hội Phủ Dầy,Phủ Dầy Festival,lunar,3/3,,khong,tin-nguong,major,0,0,,"Lễ hội Phủ Dầy diễn ra từ mùng 3 đến mùng 10 tháng 3 âm lịch, chính hội vào mùng 3/3, tại xã Kim Thái, huyện Vụ Bản, Nam Định, thờ Thánh Mẫu Liễu Hạnh, một trong Tứ Bất Tử của tín ngưỡng dân gian Việt Nam.",bien-tap,
le-hoi-quan-the-am-ngu-hanh-son,Lễ hội Quán Thế Âm Ngũ Hành Sơn,Quán Thế Âm Festival at Ngũ Hành Sơn,lunar,19/2,,khong,tin-nguong,minor,2,0,,"Lễ hội Phật giáo lớn nhất Đà Nẵng, diễn ra 17 tới 19 tháng Hai âm lịch, chính hội ngày vía Quán Thế Âm đản sinh.",bien-tap,
le-hoi-ruoc-co-ba-cho-duoc,Lễ hội Rước Cộ Bà Chợ Được,Rước Cộ Bà Chợ Được Festival,lunar,11/1,,khong,tin-nguong,minor,1,0,,"Lễ hội tri ân Bà Chợ Được, người lập nên chợ và làng Chợ Được. Đêm 11 tháng Giêng có đoàn rước sáu cỗ cộ, dẫn đầu là cộ sắc phong; ban ngày có hát bộ, bài chòi, đua thuyền. Di sản văn hóa phi vật thể quốc gia năm 2015.",bien-tap,
le-hoi-tay-thien,Lễ hội Tây Thiên,Tây Thiên Festival,lunar,15/2,,khong,tin-nguong,minor,0,2,,"Lễ hội ở khu danh thắng Tây Thiên thờ Quốc mẫu Tây Thiên, khai hội rằm tháng Hai âm lịch.",bien-tap,
le-hoi-thanh-tuyen,Lễ hội Thành Tuyên,Thanh Tuyen Festival (Tuyen Quang Mid-Autumn Lantern Festival),theo-nam,,,khong,tin-nguong,minor,0,0,"2026: 2026-09-19 đến 2026-09-25, chính lễ 2026-09-20, https://bvhttdl.gov.vn/tuyen-quang-to-chuc-le-hoi-thanh-tuyen-nam-2026.htm","Lễ hội Trung thu của tỉnh Tuyên Quang, nổi bật với các mô hình đèn Trung thu khổng lồ do các phường, xã làm và rước qua phố. Năm 2026 có 45 mô hình, đêm hội chủ đề ""Lung linh đêm hội trăng rằm"".",bien-tap,
le-hoi-thap-ba-ponagar,Lễ hội Tháp Bà Ponagar,Tháp Bà Ponagar Festival,lunar,23/3,,khong,tin-nguong,major,3,0,,"Từ 20 tới 23 tháng Ba âm lịch, lễ hội ở Tháp Bà Ponagar tôn vinh nữ thần Pô Nagar, Mẹ xứ sở của người Chăm, cũng là Thánh Mẫu Thiên Y A Na của người Việt. Có lễ thay y Mẫu, múa bóng, lễ tôn vương và thả hoa đăng. Di sản văn hóa phi vật thể quốc gia.",bien-tap,
le-hoi-tich-dien-doi-son,Lễ hội Tịch điền Đọi Sơn,Đọi Sơn Royal Ploughing Festival,lunar,7/1,,khong,tin-nguong,minor,0,0,,"Lễ hội Tịch điền Đọi Sơn diễn ra ngày 7 tháng Giêng tại xã Đọi Sơn, Duy Tiên, Hà Nam, tái hiện nghi lễ vua Lê Đại Hành xuống ruộng cày đầu năm 987, mang ý nghĩa khuyến khích nông nghiệp, cầu mưa thuận gió hòa.",bien-tap,
le-hoi-tien-cong,Lễ hội Tiên Công,Tiên Công Festival,lunar,7/1,,khong,tin-nguong,minor,2,0,,Lễ hội ở miếu Tiên Công tưởng nhớ 17 vị Tiên Công từ Thăng Long về quai đê lấn biển lập nên vùng đảo Hà Nam. Ngày chính hội mùng 7 tháng Giêng có nghi lễ rước người độc đáo: con cháu rước các cụ thượng thọ lên miếu. Di sản văn hóa phi vật thể quốc gia năm 2017.,bien-tap,
le-hoi-truong-yen,Lễ hội Trường Yên (Hoa Lư),Trường Yên Festival (Hoa Lư),lunar,10/3,,khong,tin-nguong,minor,2,0,,"Lễ hội ở cố đô Hoa Lư tưởng nhớ vua Đinh Tiên Hoàng và vua Lê Đại Hành, diễn ra 8 tới 10 tháng Ba âm lịch.",bien-tap,
le-hoi-truyen-thong-den-tran-thuong,Lễ hội truyền thống đền Trần Thương,Tran Thuong Temple Festival,lunar,15/8,,khong,tin-nguong,minor,0,5,"2026: 2026-09-25 đến 2026-09-30, chính lễ 2026-09-26, https://nhandan.vn/to-chuc-le-hoi-den-tran-thuong-dau-thieng-muon-doi-sang-ngoi-di-san-post989785.html","Lễ hội tháng Tám gắn với ngày giỗ Hưng Đạo Đại vương 20/8 âm lịch; năm 2026 kỷ niệm 726 năm ngày mất, có Liên hoan thực hành nghi lễ hầu Thánh ngày 26/9.",bien-tap,
le-hoi-truyen-thong-van-don,Lễ hội truyền thống Vân Đồn,Vân Đồn Traditional Festival,lunar,18/6,,khong,tin-nguong,minor,8,1,,"Lễ hội đua bơi ở xã đảo Quan Lạn tưởng nhớ trận Vân Đồn năm 1288, khi quân Trần dưới quyền Trần Khánh Dư đánh tan đoàn thuyền lương nhà Nguyên. Chính hội 18 tháng Sáu có đại tế, phong tướng và đua bơi giữa hai phe Đông Nam Văn và Đoài Bắc Võ.",bien-tap,
le-hoi-van-hoa-du-lich-muong-lo,"Lễ hội Văn hóa, du lịch Mường Lò",Muong Lo Culture and Tourism Festival,theo-nam,,,khong,khac,minor,0,0,"2026: 2026-10-01 đến 2026-10-07, chính lễ 2026-10-02, https://baolaocai.vn/le-hoi-muong-lo-2026-chot-lich-khai-hoi-san-sang-don-du-khach-post909196.html","Lễ hội ở cánh đồng Mường Lò, vùng đất gốc của người Thái đen, với màn đại xòe Thái hàng trăm người, diễu diễn đường phố và hội chợ du lịch Tây Bắc.",bien-tap,
le-hoi-van-hoa-the-gioi-ha-noi,Lễ hội Văn hóa thế giới tại Hà Nội,World Culture Festival in Hanoi,theo-nam,,,khong,khac,minor,0,0,"2026: 2026-10-01 đến 2026-10-04, chính lễ 2026-10-01, https://vtv.vn/le-hoi-van-hoa-the-gioi-tai-ha-noi-lan-thu-hai-hoi-tu-di-san-kien-tao-tuong-lai-100260923154302848.htm","Lễ hội văn hóa quốc tế do Hà Nội tổ chức, quy tụ biểu diễn nghệ thuật, ẩm thực và triển lãm của nhiều quốc gia.",bien-tap,
le-hoi-via-ba-chua-xu-go-thap,Lễ hội Vía Bà Chúa Xứ Gò Tháp,Gò Tháp Lady of the Realm Festival,lunar,15/3,,khong,tin-nguong,minor,1,1,"2026: 2026-04-30 đến 2026-05-02, chính lễ 2026-04-30, https://baodongthap.vn/le-hoi-via-ba-chua-xu-go-thap-nam-2026-dien-ra-tu-ngay-30-4-den-2-5-a239979.html","Lễ vía Bà Chúa Xứ ở khu di tích quốc gia đặc biệt Gò Tháp, phần lễ theo nghi thức tín ngưỡng dân gian truyền thống. Phần hội có hát tuồng, múa bóng rỗi, lân sư rồng, trò chơi dân gian và chợ quê. Di sản văn hóa phi vật thể quốc gia năm 2025.",bien-tap,
le-hoi-via-ba-chua-xu-nui-sam,Lễ hội Vía Bà Chúa Xứ Núi Sam,"Bà Chúa Xứ Festival, Sam Mountain",lunar,23/4,,khong,tin-nguong,minor,0,0,,"Lễ hội tín ngưỡng dân gian lâu đời của cư dân Nam Bộ, tổ chức từ 22-27 tháng 4 âm lịch (chính hội 23-24/4) tại Núi Sam, Châu Đốc để tưởng niệm Bà Chúa Xứ; được UNESCO ghi danh Di sản văn hóa phi vật thể đại diện của nhân loại năm 2024.",bien-tap,
le-hoi-xa-ma-ruoc-kieu-dinh-hoang-chau,"Lễ hội Xa Mã, rước kiệu đình Hoàng Châu",Xa Mã Festival and Hoàng Châu Palanquin Procession,lunar,10/6,,khong,tin-nguong,minor,1,2,,"Lễ hội ở đình Hoàng Châu tưởng nhớ ngày dựng đình, tạ ơn thần biển Nam Hải, Đông Hải và hai vị Thành hoàng, cầu ngư dân ra khơi bình an. Đại tế và đoàn xa mã, rước kiệu chia hai giáp Đông, Tây diễn ra ngày mùng 10 tháng Sáu âm lịch. Di sản văn hóa phi vật thể quốc gia năm 2017.",bien-tap,
le-hoi-yen-tu,Lễ hội Yên Tử,Yên Tử Spring Festival,lunar,10/1,,khong,tin-nguong,major,0,0,,"Lễ hội Xuân Yên Tử khai hội vào ngày 10 tháng Giêng hằng năm tại Cung Trúc Lâm, mở đầu mùa hành hương về non thiêng Yên Tử, nơi vua Trần Nhân Tông tu hành lập nên Thiền phái Trúc Lâm.",bien-tap,
le-khai-an-den-tran,Lễ Khai ấn Đền Trần,Trần Temple Seal-Opening Ceremony,lunar,15/1,,khong,tin-nguong,major,0,0,,"Lễ Khai ấn Đền Trần diễn ra vào đêm 14 rạng sáng 15 tháng Giêng tại Đền Trần, TP Nam Định, tục lệ có từ thời Trần với ý nghĩa cầu quốc thái dân an.",bien-tap,
le-khai-mac-nam-du-lich-quoc-gia,Lễ khai mạc Năm Du lịch quốc gia,National Tourism Year Opening Ceremony,theo-nam,,,khong,khac,major,0,0,"2026: 2026-03-23 đến 2026-03-30, chính lễ 2026-03-23, https://tuoitre.vn/tu-23-den-30-3-dien-ra-tuan-le-khai-mac-nam-du-lich-quoc-gia-gia-lai-2026-20260307161724762.htm","Năm Du lịch quốc gia do Bộ Văn hóa, Thể thao và Du lịch cùng một tỉnh đăng cai tổ chức, mỗi năm một nơi, mở đầu bằng một tuần lễ khai mạc. Năm 2026 do Gia Lai đăng cai với 244 sự kiện văn hóa, du lịch, thể thao trải suốt năm.",bien-tap,
le-khao-le-the-linh-hoang-sa,Lễ Khao lề thế lính Hoàng Sa,Khao Lề Thế Lính Hoàng Sa Ceremony,lunar,16/3,,khong,tin-nguong,major,1,0,"2026: 2026-05-02 đến 2026-05-02, chính lễ 2026-05-02, https://www.sggp.org.vn/dac-sac-le-khao-le-the-linh-hoang-sa-tai-dac-khu-ly-son-post850771.html","Nghi lễ gần 400 năm của cư dân Lý Sơn tưởng nhớ những người lính Hải đội Hoàng Sa ra đi giữ đảo, với lễ tế tại Âm Linh Tự, đình làng An Vĩnh và nghi thức thả thuyền mô hình ra biển. Di sản văn hóa phi vật thể quốc gia năm 2013, tổ chức cùng Hội đua thuyền Tứ Linh.",bien-tap,
le-ky-yen-ha-dien-dinh-binh-thuy,Lễ Kỳ yên Hạ điền đình Bình Thủy,Kỳ Yên Hạ Điền Festival at Bình Thủy Communal House,lunar,14/12,,khong,tin-nguong,minor,0,1,,"Lễ Kỳ yên Hạ điền tháng Chạp là kỳ lễ thứ hai trong năm của đình Bình Thủy, tạ ơn thần khi mùa màng xong. Có cúng Thần Nông, thay khăn sắc thần, lễ túc yết, tế Sơn Quân.",bien-tap,
le-ky-yen-thuong-dien-dinh-binh-thuy,Lễ Kỳ yên Thượng điền đình Bình Thủy,Kỳ Yên Thượng Điền Festival at Bình Thủy Communal House,lunar,15/4,,khong,tin-nguong,minor,4,0,,"Đình Bình Thủy mở hai lễ Kỳ yên mỗi năm: Thượng điền tháng Tư âm lịch lúc bắt đầu vụ, Hạ điền tháng Chạp. Dân làng tế thần, cúng Thần Nông, cầu mưa thuận gió hòa. Lễ hội Kỳ yên đình Bình Thủy là Di sản văn hóa phi vật thể quốc gia năm 2018.",bien-tap,
le-mung-com-moi-cua-nguoi-kho-mu-muong-kim,Lễ mừng cơm mới của người Khơ Mú Mường Kim,Kho Mu New Rice Celebration (Muong Kim),theo-nam,,,khong,tin-nguong,minor,0,0,"2026: 2026-09-01 đến 2026-09-01, chính lễ 2026-09-01, https://danviet.vn/tai-hien-net-van-hoa-doc-dao-trong-le-mung-com-moi-cua-nguoi-kho-mu-o-muong-kim-d1456068.html","Người Khơ Mú làm lễ mừng cơm mới khi lúa nương chín, mời tổ tiên ăn cơm mới, tung cốm cầu may rồi nắm tay nhảy điệu Hưn mạy. Năm 2026 xã Mường Kim tái hiện lễ vào ngày 1/9.",bien-tap,
le-phat-dan,Lễ Phật Đản,"Phật Đản (Vesak, Buddha's Birthday)",lunar,15/4,,khong,tin-nguong,major,0,0,,"Lễ Phật Đản (Đại lễ Vesak) là ngày kỷ niệm Đức Phật Thích Ca Mâu Ni ra đời, được Phật giáo Việt Nam thống nhất tổ chức vào ngày 15 tháng 4 âm lịch hằng năm.",bien-tap,
le-ra-ha-dang-y-kathina,Lễ ra hạ và mùa dâng y Kathina,End of Rains Retreat and Kathina Robe Offering,theo-nam,,,khong,tin-nguong,minor,0,0,"2026: 2026-10-24 đến 2026-11-23, chính lễ 2026-10-24, https://vietnam.vnanet.vn/vietnamese/tin-tuc/le-dang-y-kathina-131889.html","Sau ba tháng an cư mùa mưa, chư tăng Phật giáo Nam tông làm lễ ra hạ vào rằm tháng Chín âm lịch. Trong một tháng sau đó, mỗi chùa chọn một ngày làm lễ dâng y Kathina, một trong những lễ lớn nhất năm của người Khmer Nam Bộ.",bien-tap,
le-sene-dolta,Lễ Sene Dolta,Sene Dolta (Khmer Ancestors' Festival),theo-nam,,,khong,le-tet,minor,0,0,"2025: 2025-09-21 đến 2025-09-23, chính lễ 2025-09-21, https://baolamdong.vn/le-sene-dolta-2025-can-bo-cong-chuc-hoc-sinh-nguoi-khmer-tai-can-tho-duoc-nghi-3-ngay-tu-ngay-21-den-23-9-2025-392190.html; 2026: 2026-10-10 đến 2026-10-12, chính lễ 2026-10-11, https://baocantho.com.vn/to-chuc-cac-hoat-dong-mung-le-sene-dolta-trang-trong-phu-hop-voi-ban-sac-van-hoa-cua-dong-bao-khmer-a215811.html","Lễ cúng ông bà, báo hiếu tổ tiên của người Khmer Nam Bộ, kéo dài ba ngày. Lễ theo lịch Khmer, vốn đặt tháng nhuận khác âm lịch Việt, nên ngày dương xê dịch cả tháng giữa các năm.",bien-tap,
le-te-am-hon-hue,Lễ tế Âm hồn Huế,Huế Âm Hồn Memorial Rite,lunar,23/5,,khong,tin-nguong,minor,0,0,,"Ngày 23 tháng Năm âm lịch, người Huế cúng tế những quan binh và dân thường tử nạn trong biến cố thất thủ Kinh đô năm 1885. Lễ chính cử hành tại Đàn Âm hồn do triều Nguyễn lập năm 1894 và các miếu Âm hồn trong Kinh thành.",bien-tap,
le-that-tich,Lễ Thất tịch,Qixi (Thất Tịch),lunar,7/7,,khong,le-tet,minor,0,0,,"Mùng 7 tháng Bảy âm lịch là ngày tương truyền Ngưu Lang, Chức Nữ gặp nhau trên cầu Ô Thước, mưa ngâu là nước mắt đôi lứa. Ngày này được coi là ngày của tình yêu, nhiều bạn trẻ ăn chè đậu đỏ cầu duyên.",bien-tap,
le-tuong-niem-phat-hoang-tran-nhan-tong-nhap-niet-ban,Lễ tưởng niệm Phật hoàng Trần Nhân Tông nhập Niết bàn,Commemoration of Buddha-King Trần Nhân Tông's Nirvana,lunar,1/11,,khong,tin-nguong,minor,1,0,,"Phật hoàng Trần Nhân Tông, vị vua lãnh đạo hai cuộc kháng chiến chống Nguyên Mông rồi xuất gia và lập Thiền phái Trúc Lâm, nhập Niết bàn ngày mùng 1 tháng Mười một năm Mậu Thân (1308) tại am Ngọa Vân. Hằng năm Giáo hội Phật giáo Việt Nam tổ chức lễ tưởng niệm quanh ngày này; năm 2025 lễ diễn ra ở chùa Ngọa Vân ngày 30 tháng Mười âm lịch và đại lễ ở Cung Trúc Lâm Yên Tử ngày mùng 1 tháng Mười một.",bien-tap,
le-via-ba-linh-son-thanh-mau,Lễ vía Bà Linh Sơn Thánh Mẫu (núi Bà Đen),"Linh Sơn Holy Mother Festival, Bà Đen Mountain",lunar,5/5,,khong,tin-nguong,minor,0,0,,"Lễ hội tín ngưỡng dân gian thờ Linh Sơn Thánh Mẫu (Bà Đen), tổ chức từ 4-6 tháng 5 âm lịch tại núi Bà Đen với nghi thức tắm Bà, thay áo và lễ vía chính vào ngày 5/5; được công nhận Di sản văn hóa phi vật thể quốc gia năm 2019.",bien-tap,
le-via-duc-phat-a-di-da,Lễ vía Đức Phật A Di Đà,Amitabha Buddha Day,lunar,17/11,,khong,tin-nguong,major,0,0,,"Ngày 17 tháng 11 âm lịch, các chùa Bắc tông làm lễ vía, thắp đèn, dâng hoa đăng; mở đầu mùa Gia hạnh Phổ Hiền kéo tới mồng 8 tháng Chạp.",bien-tap,
le-vu-lan,Lễ Vu Lan,Vu Lan Festival (Filial Piety Day),lunar,15/7,,khong,le-tet,major,0,0,,"Lễ báo hiếu cha mẹ, nguồn gốc Phật giáo, có tục cài hoa hồng lên áo.",bien-tap,
lien-hoan-phim-quoc-te-ha-noi,Liên hoan Phim quốc tế Hà Nội,Hanoi International Film Festival,theo-nam,,,khong,khac,minor,0,0,"2026: 2026-11-27 đến 2026-12-02, chính lễ 2026-11-27, http://vov.vn/van-hoa/haniff-viii-ha-noi-soi-dong-trong-khong-gian-dien-anh-va-van-hoa-post1324780.vov","Liên hoan Phim quốc tế Hà Nội (HANIFF) do Bộ VHTTDL và UBND TP Hà Nội tổ chức hai năm một lần, gồm phim dự thi và không dự thi, tọa đàm, chợ dự án làm phim và chiếu phim lưu động phục vụ công chúng. Năm 2026 liên hoan có chủ đề “Điện ảnh - Kết nối - Phát triển”, khai mạc và bế mạc tại Trung tâm Triển lãm Việt Nam (VEC).",bien-tap,
ngay-bao-chi-cach-mang-viet-nam,Ngày Báo chí Cách mạng Việt Nam,Vietnam Revolutionary Press Day,solar,,21/6,khong,khac,minor,0,0,,"Ngày 21/6 kỷ niệm sự ra đời của báo Thanh Niên do Nguyễn Ái Quốc sáng lập năm 1925, được Bộ Chính trị công nhận là Ngày Báo chí Cách mạng Việt Nam năm 2000.",bien-tap,
ngay-cach-mang-thang-tam,Ngày Cách mạng Tháng Tám,August Revolution Day,solar,,19/8,khong,khac,major,0,0,,"Ngày 19/8/1945 nhân dân Hà Nội giành chính quyền, mở đầu thắng lợi của Cách mạng Tháng Tám trên cả nước. Luật Công an nhân dân lấy ngày 19/8 hằng năm làm Ngày truyền thống Công an nhân dân.",bien-tap,
ngay-chien-thang-dien-bien-phu,Ngày Chiến thắng Điện Biên Phủ,Điện Biên Phủ Victory Day,solar,,7/5,khong,khac,major,0,0,,"Ngày 7/5/1954 quân đội Việt Nam giành thắng lợi ở Điện Biên Phủ, kết thúc 56 ngày đêm chiến dịch. Hằng năm tỉnh Điện Biên dâng hương ở nghĩa trang liệt sĩ A1, Him Lam, Độc Lập, Tông Khao, thắp nến tri ân và thả hoa đăng trên sông Nậm Rốm.",bien-tap,
ngay-dan-so-viet-nam,Ngày Dân số Việt Nam,Vietnam Population Day,solar,,26/12,khong,khac,minor,0,0,,"Ngày 26/12 được Thủ tướng quy định là Ngày Dân số Việt Nam theo Quyết định 326-TTg ngày 19/5/1997, gắn với Quyết định 216-CP về sinh đẻ có kế hoạch ban hành ngày 26/12/1961.",bien-tap,
ngay-di-san-van-hoa-viet-nam,Ngày Di sản văn hóa Việt Nam,Vietnam Cultural Heritage Day,solar,,23/11,khong,khac,minor,0,0,,"Ngày 23 tháng 11 là Ngày Di sản văn hóa Việt Nam theo Quyết định 36/2005/QĐ-TTg, chọn theo ngày Chủ tịch Hồ Chí Minh ký Sắc lệnh 65/SL năm 1945, văn bản đầu tiên của Nhà nước về bảo tồn di sản. Ngày này nhằm phát huy trách nhiệm của những người làm công tác di sản và khuyến khích mọi tầng lớp xã hội tham gia bảo vệ di sản văn hóa dân tộc.",bien-tap,
ngay-doanh-nhan-viet-nam,Ngày Doanh nhân Việt Nam,Vietnamese Entrepreneurs' Day,solar,,13/10,khong,khac,minor,0,0,,"Ngày 13/10 được Thủ tướng Phan Văn Khải quy định là Ngày Doanh nhân Việt Nam theo Quyết định 990/QĐ-TTg ngày 20/9/2004, gắn với bức thư Bác Hồ gửi giới công thương ngày 13/10/1945.",bien-tap,
ngay-gia-dinh-viet-nam,Ngày Gia đình Việt Nam,Vietnamese Family Day,solar,,28/6,khong,khac,minor,0,0,,"Ngày 28/6 được Thủ tướng Chính phủ quy định là Ngày Gia đình Việt Nam theo Quyết định 72/2001/QĐ-TTg ngày 4/5/2001, nhằm đề cao trách nhiệm xây dựng gia đình no ấm, bình đẳng, tiến bộ.",bien-tap,
ngay-giai-phong-mien-nam,"Ngày Giải phóng miền Nam, thống nhất đất nước",Reunification Day,solar,,30/4,co,khac,major,0,0,,"Kỷ niệm ngày thống nhất đất nước 30/4/1975, ngày nghỉ lễ chính thức theo Bộ luật Lao động.",bien-tap,
ngay-giai-phong-thu-do,Ngày Giải phóng Thủ đô,Capital Liberation Day,solar,,10/10,khong,khac,minor,0,0,,"Kỷ niệm ngày 10/10/1954, bộ đội Việt Nam tiếp quản Hà Nội sau cuộc kháng chiến chống thực dân Pháp.",bien-tap,
ngay-hoi-dai-doan-ket-toan-dan-toc,Ngày hội Đại đoàn kết toàn dân tộc,National Great Unity Day,solar,,18/11,khong,khac,minor,0,0,,"Ngày 18 tháng 11 là Ngày truyền thống Mặt trận Tổ quốc Việt Nam, kỷ niệm ngày thành lập Mặt trận Dân tộc thống nhất Việt Nam (18/11/1930), và là Ngày hội Đại đoàn kết toàn dân tộc. Ngày hội được tổ chức ở từng khu dân cư, thôn, tổ dân phố, gồm phần lễ ôn truyền thống, biểu dương tập thể và cá nhân tiêu biểu, và phần hội văn nghệ, thể thao.",bien-tap,
ngay-hoi-mua-vang-ta-leng-huong-lua-giua-non-cao,"Ngày hội ""Mùa vàng Tả Lèng, Hương lúa giữa non cao""",Ta Leng Golden Season Festival,theo-nam,,,khong,tin-nguong,minor,0,0,"2026: 2026-09-06 đến 2026-09-06, chính lễ 2026-09-06, https://baolaichau.vn/xa-hoi/ron-rang-ngay-hoi-mua-vang-ta-leng-huong-lua-giua-non-cao-nam-2026-814500","Ngày hội mùa vàng lần đầu ở Tả Lèng, gồm lễ mừng cơm mới của người Mông, thi gặt và tuốt lúa thủ công, trò chơi dân gian giữa ruộng bậc thang.",bien-tap,
ngay-hoi-mua-vang-tren-cao-duong,Ngày hội Mùa vàng trên Cao Đường,Golden Season on Cao Duong Festival,theo-nam,,,khong,tin-nguong,minor,0,0,"2026: 2026-09-19 đến 2026-09-20, chính lễ 2026-09-20, https://baotuyenquang.com.vn/du-lich/202609/ngay-hoi-mua-vang-tren-cao-duong-xa-bach-xa-db3761a/","Ngày hội mùa lúa chín ở thôn Cao Đường với thi gặt lúa, đánh cù, bắt cá, chạy trên ruộng bậc thang, thổi khèn Mông và hát then.",bien-tap,
ngay-hoi-van-hoa-dan-toc-mong,Ngày hội Văn hóa dân tộc Mông,4th National Hmong Ethnic Culture Festival,theo-nam,,,khong,khac,major,0,0,"2026: 2026-10-09 đến 2026-10-11, chính lễ 2026-10-09, https://nhandan.vn/11-tinh-tham-gia-ngay-hoi-van-hoa-dan-toc-mong-lan-thu-iv-post990810.html","Ngày hội do Bộ Văn hóa, Thể thao và Du lịch tổ chức với 11 tỉnh có đông người Mông. Có carnival đường phố và màn trình diễn khèn khoảng 3.000 người, thi đấu thể thao dân tộc, trải nghiệm ở bản Lồng.",bien-tap,
ngay-khuyen-hoc-viet-nam,Ngày Khuyến học Việt Nam,Vietnam Learning Promotion Day,solar,,2/10,khong,khac,minor,0,0,,"Ngày 2 tháng 10 hằng năm là Ngày Khuyến học Việt Nam, theo Quyết định 1271/QĐ-TTg ngày 16/9/2008 của Thủ tướng Chính phủ. Ngày này nhằm động viên các tổ chức xã hội và người dân tham gia khuyến học, khuyến tài, xây dựng xã hội học tập, và tôn vinh tập thể, cá nhân có thành tích trong công tác ấy.",bien-tap,
ngay-moi-truong-the-gioi,Ngày Môi trường Thế giới,World Environment Day,solar,,5/6,khong,khac,minor,0,0,,"Ngày 5/6 là Ngày Môi trường Thế giới do Liên Hợp Quốc khởi xướng từ năm 1972, Việt Nam chính thức tham gia hưởng ứng từ năm 1982.",bien-tap,
ngay-nam-ky-khoi-nghia,Ngày Nam Kỳ khởi nghĩa,Southern Uprising Day,solar,,23/11,khong,khac,minor,0,0,,"Đêm 22 rạng sáng 23 tháng 11 năm 1940, khởi nghĩa Nam Kỳ nổ ra ở nhiều tỉnh, trong đó có Mỹ Tho, và lá cờ đỏ sao vàng lần đầu xuất hiện tại đình Long Hưng. Hằng năm vào ngày 23/11, lễ kỷ niệm và dâng hương được tổ chức tại Khu di tích Nam Kỳ khởi nghĩa ở Long Hưng.",bien-tap,
ngay-nguoi-khuyet-tat-viet-nam,Ngày Người khuyết tật Việt Nam,Vietnam Day for Persons with Disabilities,solar,,18/4,khong,khac,minor,0,0,,"Ngày 18/4 được quy định là Ngày Người khuyết tật Việt Nam, ban đầu theo Pháp lệnh số 06/1998/PL-UBTVQH10, sau đó chính thức hóa tại Điều 11 Luật Người khuyết tật (Luật số 51/2010/QH12).",bien-tap,
ngay-nha-giao-viet-nam,Ngày Nhà giáo Việt Nam,Vietnamese Teachers' Day,solar,,20/11,khong,khac,major,0,0,,"Ngày 20/11 là ngày truyền thống tôn vinh nhà giáo Việt Nam, được Hội đồng Bộ trưởng chính thức công nhận theo Quyết định 167/HĐBT ngày 28/9/1982.",bien-tap,
ngay-phap-luat-viet-nam,Ngày Pháp luật Việt Nam,Vietnam Law Day,solar,,9/11,khong,khac,minor,0,0,,"Ngày 9 tháng 11 là Ngày Pháp luật nước Cộng hòa xã hội chủ nghĩa Việt Nam, lấy theo ngày Quốc hội thông qua bản Hiến pháp đầu tiên năm 1946, và được quy định trong Luật Phổ biến, giáo dục pháp luật năm 2012. Hằng năm Bộ Tư pháp tổ chức lễ hưởng ứng cấp quốc gia, kết nối trực tuyến với các tỉnh, thành.",bien-tap,
ngay-phu-nu-viet-nam,Ngày Phụ nữ Việt Nam,Vietnamese Women's Day,solar,,20/10,khong,khac,major,0,0,,"Ngày 20/10 đánh dấu sự kiện thành lập Hội Phụ nữ phản đế Việt Nam (tiền thân của Hội Liên hiệp Phụ nữ Việt Nam) ngày 20/10/1930, được chọn làm ngày truyền thống của phụ nữ Việt Nam.",bien-tap,
ngay-quoc-te-nguoi-cao-tuoi,Ngày Quốc tế Người cao tuổi,International Day of Older Persons,solar,,1/10,khong,khac,minor,0,0,,"Ngày 1/10 là Ngày Quốc tế Người cao tuổi do Liên Hợp Quốc công bố năm 1990, Việt Nam hưởng ứng từ năm 1991 và gắn với ""Tháng hành động vì Người cao tuổi"" theo Quyết định 544/QĐ-TTg (2015).",bien-tap,
ngay-quoc-te-phu-nu,Ngày Quốc tế Phụ nữ,International Women's Day,solar,,8/3,khong,khac,major,0,0,,"Ngày 8/3 là Ngày Quốc tế Phụ nữ được tổ chức trên toàn thế giới, ở Việt Nam còn gắn với sự kiện khởi nghĩa Hai Bà Trưng.",bien-tap,
ngay-quoc-te-thieu-nhi,Ngày Quốc tế Thiếu nhi,International Children's Day,solar,,1/6,khong,khac,major,0,0,,"Ngày 1/6 là Ngày Quốc tế Thiếu nhi, được Việt Nam hưởng ứng từ năm 1950 khi Chủ tịch Hồ Chí Minh gửi thư chúc mừng thiếu nhi cả nước.",bien-tap,
ngay-sach-va-van-hoa-doc-viet-nam,Ngày Sách và Văn hóa đọc Việt Nam,Vietnam Book and Reading Culture Day,solar,,21/4,khong,khac,minor,0,0,,"Ngày 21/4 được Thủ tướng quy định là Ngày Sách Việt Nam theo Quyết định 284/QĐ-TTg (2014), đổi tên thành Ngày Sách và Văn hóa đọc Việt Nam theo Quyết định 1862/QĐ-TTg (2021); ngày này gắn với việc xuất bản tác phẩm ""Đường Kách mệnh"" của Hồ Chí Minh năm 1927.",bien-tap,
ngay-san-khau-viet-nam-va-le-gio-to-san-khau,Ngày Sân khấu Việt Nam và lễ Giỗ Tổ sân khấu,Vietnamese Theatre Day and Theatre Ancestors' Commemoration,lunar,12/8,,khong,tin-nguong,major,0,0,"2026: 2026-09-19 đến 2026-09-22, chính lễ 2026-09-19, https://nhandan.vn/nhieu-the-he-nghe-si-tham-du-ngay-san-khau-viet-nam-lan-thu-17-va-gio-to-san-khau-dan-toc-post989630.html","Quyết định 13/QĐ-TTg năm 2011 lấy 12 tháng 8 âm lịch làm Ngày Sân khấu Việt Nam; năm 2026 Hội Nghệ sĩ Sân khấu Việt Nam tổ chức lễ lần thứ XVII ngày 19/9 tại Hà Nội với gần 1.000 nghệ sĩ, ngày 12/8 âm rơi vào 22/9.",bien-tap,
ngay-sinh-chu-tich-ho-chi-minh,Ngày sinh Chủ tịch Hồ Chí Minh,Ho Chi Minh's Birthday,solar,,19/5,khong,khac,major,0,0,,"Ngày 19/5/1890 là ngày sinh Chủ tịch Hồ Chí Minh (tên khai sinh Nguyễn Sinh Cung) tại làng Sen, xã Kim Liên, huyện Nam Đàn, tỉnh Nghệ An.",bien-tap,
ngay-thanh-lap-dang-cong-san-viet-nam,Ngày thành lập Đảng Cộng sản Việt Nam,Founding Anniversary of the Communist Party of Vietnam,solar,,3/2,khong,khac,major,0,0,,"Ngày 3/2/1930, Hội nghị hợp nhất các tổ chức cộng sản do Nguyễn Ái Quốc chủ trì tại Hong Kong đã thành lập Đảng Cộng sản Việt Nam.",bien-tap,
ngay-thanh-lap-doan-tncs-ho-chi-minh,Ngày thành lập Đoàn TNCS Hồ Chí Minh,Ho Chi Minh Communist Youth Union Founding Day,solar,,26/3,khong,khac,minor,0,0,,"Ngày 26/3/1931 được Đại hội Đoàn toàn quốc lần thứ III (1961) chọn làm ngày thành lập Đoàn Thanh niên Cộng sản Hồ Chí Minh, gắn với Hội nghị Ban Chấp hành Trung ương Đảng lần thứ hai.",bien-tap,
ngay-thanh-lap-quan-doi-nhan-dan-viet-nam,Ngày thành lập Quân đội Nhân dân Việt Nam,Vietnam People's Army Founding Day,solar,,22/12,khong,khac,major,0,0,,"Ngày 22/12/1944, Đội Việt Nam Tuyên truyền Giải phóng quân được thành lập tại Cao Bằng, đánh dấu sự ra đời của Quân đội Nhân dân Việt Nam; từ 1989 ngày này cũng là Ngày hội Quốc phòng toàn dân.",bien-tap,
ngay-thay-thuoc-viet-nam,Ngày Thầy thuốc Việt Nam,Vietnamese Physicians' Day,solar,,27/2,khong,khac,minor,0,0,,"Ngày 27/2 gắn với bức thư Chủ tịch Hồ Chí Minh gửi ngành y tế năm 1955, được Hội đồng Bộ trưởng công nhận là Ngày Thầy thuốc Việt Nam theo quyết định ngày 6/2/1985.",bien-tap,
ngay-thuong-binh-liet-si,Ngày Thương binh Liệt sĩ,War Invalids and Martyrs' Day,solar,,27/7,khong,khac,major,0,0,,"Ngày 27/7 hằng năm là ngày tri ân thương binh, bệnh binh và liệt sĩ đã hy sinh, cống hiến cho sự nghiệp đấu tranh giải phóng và bảo vệ Tổ quốc, được xác lập từ năm 1947.",bien-tap,
ngay-toan-quoc-khang-chien,Ngày Toàn quốc kháng chiến,National Resistance Day,solar,,19/12,khong,khac,minor,0,0,,"Kỷ niệm ngày 19/12/1946, khi Chủ tịch Hồ Chí Minh ra Lời kêu gọi toàn quốc kháng chiến chống thực dân Pháp.",bien-tap,
ngay-van-hoa-viet-nam,Ngày Văn hóa Việt Nam,Vietnam Culture Day,solar,,24/11,co,le-tet,major,0,0,,"Ngày Văn hóa Việt Nam 24/11, người lao động được nghỉ làm việc và hưởng nguyên lương theo Nghị quyết 28/2026/QH16 (hiệu lực từ 01/7/2026).",bien-tap,
quoc-khanh,Quốc khánh,National Day,solar,,2/9,co,khac,major,0,0,,"Ngày Quốc khánh nước Cộng hòa Xã hội Chủ nghĩa Việt Nam 2/9, ngày nghỉ lễ chính thức theo Bộ luật Lao động.",bien-tap,
quoc-te-lao-dong,Ngày Quốc tế Lao động,International Labor Day,solar,,1/5,co,khac,major,0,0,,"Ngày Quốc tế Lao động 1/5, ngày nghỉ lễ chính thức theo Bộ luật Lao động.",bien-tap,
ram-thang-gieng,Rằm tháng Giêng (Tết Nguyên Tiêu),First Full Moon Festival (Tết Nguyên Tiêu),lunar,15/1,,khong,le-tet,major,0,0,,"Ngày rằm đầu tiên của năm âm lịch, dịp đi lễ chùa cầu an đầu năm.",bien-tap,
tet-chol-chnam-thmay,Tết Chôl Chnăm Thmây,Chôl Chnăm Thmây (Khmer New Year),solar,,14/4,khong,le-tet,minor,0,0,,"Tết cổ truyền lớn nhất trong năm của người Khmer Nam Bộ, bắt nguồn từ Phật giáo Nam tông, diễn ra vào giữa tháng 4 dương lịch (không theo âm lịch Việt, ngày cụ thể có thể lệch 1 ngày mỗi năm) và kéo dài 3 ngày với các nghi lễ tại chùa và mừng năm mới.",bien-tap,
tet-com-moi-cua-nguoi-muong,Tết cơm mới của người Mường,Muong New Rice Festival,lunar,10/10,,khong,le-tet,minor,0,0,,"Người Mường ở Hương Cần làm Tết cơm mới ngày 10 tháng 10 âm lịch để kết thúc vụ mùa, tạ ơn trời đất, tổ tiên và người lập làng, có diễn tấu cồng chiêng và hát ví.",bien-tap,
tet-com-moi-cua-nguoi-tay,Tết cơm mới của người Tày,Tay New Rice Festival (10th day of the 10th lunar month),lunar,10/10,,khong,le-tet,minor,0,0,,"Một trong sáu cái Tết của người Tày, làm đúng ngày 10 tháng 10 âm lịch sau vụ gặt để dâng cơm mới, xôi ngũ sắc, bánh dày lên trời đất và tổ tiên.",bien-tap,
tet-doan-ngo,Tết Đoan Ngọ,"Doan Ngo Festival (""Killing Summer Insects"" Day)",lunar,5/5,,khong,le-tet,major,0,0,,"Ngày diệt sâu bọ theo quan niệm dân gian, ăn rượu nếp và trái cây chua vào sáng sớm.",bien-tap,
tet-duong-lich,Tết Dương Lịch,New Year's Day,solar,,1/1,co,khac,major,0,0,,"Ngày đầu năm mới theo dương lịch, 1 trong 6 dịp nghỉ lễ chính thức theo Bộ luật Lao động.",bien-tap,
tet-ha-nguyen,Tết Hạ Nguyên,"Ha Nguyen Festival (Lower Primordial, 15th of 10th lunar month)",lunar,15/10,,khong,le-tet,major,0,0,,"Rằm tháng 10 âm lịch, một trong bốn tết theo mùa, dịp tạ ơn trời đất sau vụ mùa.",bien-tap,
tet-han-thuc,Tết Hàn Thực,Cold Food Festival (Tết Hàn Thực),lunar,3/3,,khong,le-tet,minor,0,0,,"Ngày cúng bánh trôi bánh chay, tưởng nhớ tổ tiên theo phong tục cổ truyền.",bien-tap,
tet-nguyen-dan,Tết Nguyên Đán,Lunar New Year (Tết),lunar,1/1,,co,le-tet,major,0,0,,"Ngày đầu năm mới âm lịch, lễ lớn nhất trong năm của người Việt, dịp sum họp gia đình và cúng gia tiên.",bien-tap,
tet-ong-cong-ong-tao,Tết ông Công ông Táo,Kitchen God Send-off Day,lunar,23/12,,khong,le-tet,major,0,0,,Ngày tiễn ông Công ông Táo về trời báo cáo việc gia đình trong năm.,bien-tap,
tet-trung-cuu,Tết Trùng Cửu (Trùng Dương),Double Ninth Festival (Tết Trùng Cửu),lunar,9/9,,khong,le-tet,minor,0,0,,"Ngày chín tháng Chín âm lịch, hai số dương gặp nhau. Tục cổ lên cao, uống rượu hoa cúc, cầu sống lâu; ngày nay ở Việt Nam ít nơi còn giữ.",bien-tap,
tet-trung-thap,Tết Trùng Thập,Double Tenth Festival (New Rice Festival),lunar,10/10,,khong,le-tet,major,0,0,,"Mồng 10 tháng 10 âm lịch, khi vừa xong vụ mùa, nhà nông nấu cơm gạo mới, làm bánh giầy cúng gia tiên; giới đông y coi là tết của thầy thuốc vì cây thuốc tụ khí tốt nhất.",bien-tap,
tet-trung-thu,Tết Trung Thu,Mid-Autumn Festival,lunar,15/8,,khong,le-tet,major,0,0,,"Tết thiếu nhi, rước đèn phá cỗ, ăn bánh trung thu dưới trăng rằm tháng 8.",bien-tap,
tet-xip-xi-cua-nguoi-thai-trang,Tết Xíp xí của người Thái trắng,Xíp Xí Festival of the White Thái,lunar,14/7,,khong,le-tet,minor,0,0,,"Tết của người Thái trắng ở Quỳnh Nhai và Phù Yên (Sơn La) vào ngày 14 tháng Bảy âm lịch, chỉ một ngày, có khi chỉ một bữa trưa. Mâm cúng tổ tiên có vịt, gà, thịt lợn hun khói, cá nướng, bánh chưng và xôi nhiều màu. Di sản văn hóa phi vật thể quốc gia năm 2024.",bien-tap,
tuan-du-lich-ninh-binh,Tuần Du lịch Ninh Bình,Ninh Bình Tourism Week,theo-nam,,,khong,khac,minor,0,0,"2026: 2026-05-23 đến 2026-05-23, chính lễ 2026-05-23, https://vov.vn/du-lich/ruc-ro-khai-mac-tuan-du-lich-ninh-binh-2026-net-hoa-ngan-nam-giua-long-di-san-post1294461.vov","Tuần lễ du lịch của tỉnh Ninh Bình vào mùa lúa chín trên cánh đồng Tam Cốc, gắn với thương hiệu Sắc vàng Tam Cốc - Tràng An. Có chương trình nghệ thuật khai mạc, lễ rước sản vật, tái hiện đời sống nông nghiệp và lễ hội âm nhạc Tràng An.",bien-tap,
tuan-le-festival-nghe-thuat-quoc-te-hue,Tuần lễ Festival Nghệ thuật quốc tế Huế,Huế International Arts Festival Week,theo-nam,,,khong,khac,major,0,0,"2026: 2026-06-13 đến 2026-06-18, chính lễ 2026-06-13, https://www.vietnamplus.vn/festival-hue-2026-chuoi-hoat-dong-dac-sac-trong-le-hoi-mua-ha-kinh-thanh-toa-sang-post1100913.vnp","Tuần lễ nghệ thuật quốc tế, điểm nhấn của Festival Huế, quy tụ đoàn nghệ thuật trong nước và nước ngoài biểu diễn tại Đại Nội và các sân khấu đường phố. Từ năm 2026, Festival Huế theo mô hình lễ hội bốn mùa với gần 80 hoạt động trải suốt năm.",bien-tap,
tuan-van-hoa-du-lich-moc-chau,"Tuần Văn hóa, Du lịch Mộc Châu",Moc Chau Culture and Tourism Week,theo-nam,,,khong,khac,minor,0,0,"2026: 2026-08-27 đến 2026-09-05, chính lễ 2026-08-31, https://dantocmiennui.baotintuc.vn/soi-noi-tuan-van-hoa-du-lich-moc-chau-tinh-son-la-nam-2026-post366656.html","Lần đầu tổ chức ở cấp tỉnh, phát triển từ Ngày hội văn hóa dân tộc Mông Mộc Châu, chủ đề ""Dệt di sản, hòa giao sắc màu"". Có trại văn hóa của 13 xã phường và màn ném pao 200 nghệ nhân.",bien-tap,
tuan-van-hoa-the-thao-va-du-lich-xa-hoang-su-phi,"Tuần Văn hóa, Thể thao và Du lịch xã Hoàng Su Phì","Hoang Su Phi Culture, Sports and Tourism Week (Golden Terraces Season)",theo-nam,,,khong,tin-nguong,minor,0,0,"2026: 2026-09-18 đến 2026-09-26, chính lễ 2026-09-18, https://www.vietnam.vn/en/xa-hoang-su-phi-tinh-tuyen-quang-khai-mac-tuan-van-hoa-the-thao-du-lich-nam-2026","Tuần văn hóa mùa lúa chín trên danh thắng ruộng bậc thang Hoàng Su Phì, chủ đề ""Hoàng Su Phì: Hội tụ sắc màu văn hóa, khơi nguồn phát triển"". Có tái hiện nghi lễ của một số dân tộc, chợ phiên, bắt cá ruộng, giã bánh, chạy marathon trên ruộng bậc thang.",bien-tap,
via-ba-thien-hau-cho-lon,Vía Bà Thiên Hậu Chợ Lớn,"Thiên Hậu Birthday Festival, Chợ Lớn",lunar,23/3,,khong,tin-nguong,minor,0,0,,"Ngày 23 tháng Ba âm lịch là vía Bà Thiên Hậu, ngày hội chính của chùa Bà Thiên Hậu (hội quán Tuệ Thành) do người Hoa gốc Quảng Châu dựng ở Chợ Lớn. Sáng 23 có lễ rước kiệu Bà qua các phố quanh chùa cùng múa lân và nhạc lễ.",bien-tap,
via-quan-thanh-de-quan,Vía Quan Thánh Đế Quân,Quan Thánh Đế Quân Birthday,lunar,24/6,,khong,tin-nguong,minor,0,0,,"Ngày 24 tháng Sáu âm lịch được xem là ngày sinh và hiển thánh của Quan Công, một trong hai lễ lớn nhất ở chùa Ông (hội quán Nghĩa An) Chợ Lớn. Cộng đồng người Hoa và người Việt đến dâng hương cầu bình an, tài lộc.",bien-tap,
via-quan-the-am-dan-sinh,Vía Quán Thế Âm Bồ Tát đản sinh,Guanyin's Birthday,lunar,19/2,,khong,tin-nguong,minor,0,0,,"Ngày 19 tháng Hai âm lịch, một trong ba ngày vía Quán Thế Âm trong năm. Chùa làm lễ, Phật tử đi lễ và ăn chay.",bien-tap,
via-quan-the-am-thanh-dao,Vía Quán Thế Âm Bồ Tát thành đạo,Guanyin's Enlightenment Day,lunar,19/6,,khong,tin-nguong,minor,0,0,,"Ngày 19 tháng Sáu âm lịch, một trong ba ngày vía Quán Thế Âm trong năm.",bien-tap,
via-quan-the-am-xuat-gia,Vía Quán Thế Âm Bồ Tát xuất gia,Guanyin's Renunciation Day,lunar,19/9,,khong,tin-nguong,minor,0,0,,"Ngày 19 tháng Chín âm lịch, một trong ba ngày vía Quán Thế Âm trong năm.",bien-tap,
